-- phpMyAdmin SQL Dump
-- version 5.1.0
-- https://www.phpmyadmin.net/
--
-- Servidor: 127.0.0.1
-- Tiempo de generación: 04-01-2022 a las 04:26:10
-- Versión del servidor: 10.4.18-MariaDB
-- Versión de PHP: 8.0.3

SET SQL_MODE = "NO_AUTO_VALUE_ON_ZERO";
START TRANSACTION;
SET time_zone = "+00:00";


/*!40101 SET @OLD_CHARACTER_SET_CLIENT=@@CHARACTER_SET_CLIENT */;
/*!40101 SET @OLD_CHARACTER_SET_RESULTS=@@CHARACTER_SET_RESULTS */;
/*!40101 SET @OLD_COLLATION_CONNECTION=@@COLLATION_CONNECTION */;
/*!40101 SET NAMES utf8mb4 */;

--
-- Base de datos: `sifescnueva`
--

-- --------------------------------------------------------

--
-- Estructura de tabla para la tabla `administrador`
--

CREATE TABLE `administrador` (
  `usuario_id_fk` int(100) NOT NULL,
  `estatus` int(2) NOT NULL,
  `created_at` timestamp NOT NULL DEFAULT current_timestamp(),
  `updated_at` timestamp NOT NULL DEFAULT current_timestamp()
) ENGINE=InnoDB DEFAULT CHARSET=utf8mb4 ROW_FORMAT=COMPACT;

--
-- Volcado de datos para la tabla `administrador`
--

INSERT INTO `administrador` (`usuario_id_fk`, `estatus`, `created_at`, `updated_at`) VALUES
(2, 1, '2021-12-17 06:32:27', '2021-12-17 06:32:45'),
(5, 1, '2021-12-17 06:32:27', '2021-12-17 06:32:45'),
(9, 1, '2021-12-17 06:32:27', '2021-12-17 06:32:45'),
(10, 1, '2021-12-17 06:32:27', '2021-12-17 06:32:45');

-- --------------------------------------------------------

--
-- Estructura de tabla para la tabla `alumno`
--

CREATE TABLE `alumno` (
  `usuario_id_fk` int(100) NOT NULL,
  `updated_at` timestamp NOT NULL DEFAULT current_timestamp(),
  `created_at` timestamp NOT NULL DEFAULT current_timestamp()
) ENGINE=InnoDB DEFAULT CHARSET=utf8mb4 ROW_FORMAT=COMPACT;

--
-- Volcado de datos para la tabla `alumno`
--

INSERT INTO `alumno` (`usuario_id_fk`, `updated_at`, `created_at`) VALUES
(1, '2021-11-25 21:54:25', '2021-11-25 21:54:25'),
(2, '2021-11-25 22:05:57', '2021-11-25 22:05:57'),
(3, '2021-11-25 22:07:41', '2021-11-25 22:07:41'),
(4, '2021-11-25 22:07:41', '2021-11-25 22:07:41'),
(5, '2021-11-25 22:14:27', '2021-11-25 22:14:27'),
(6, '2021-11-25 22:14:27', '2021-11-25 22:14:27'),
(8, '2021-11-25 22:14:48', '2021-11-25 22:14:48'),
(11, '2021-12-06 17:46:04', '2021-12-06 17:46:04'),
(12, '2021-11-26 03:30:11', '2021-11-26 03:30:11'),
(13, '2021-11-26 03:30:11', '2021-11-26 03:30:11'),
(14, '2021-11-26 03:30:11', '2021-11-26 03:30:11'),
(15, '2021-11-26 03:30:11', '2021-11-26 03:30:11'),
(16, '2021-11-26 03:30:11', '2021-11-26 03:30:11'),
(17, '2021-11-26 03:30:11', '2021-11-26 03:30:11'),
(18, '2021-11-26 03:30:11', '2021-11-26 03:30:11'),
(19, '2021-11-26 03:30:11', '2021-11-26 03:30:11'),
(20, '2021-11-26 03:30:11', '2021-11-26 03:30:11'),
(21, '2021-11-26 03:30:11', '2021-11-26 03:30:11'),
(22, '2021-11-26 03:30:11', '2021-11-26 03:30:11'),
(23, '2021-11-26 03:30:11', '2021-11-26 03:30:11'),
(24, '2021-11-26 03:30:11', '2021-11-26 03:30:11'),
(25, '2021-11-26 03:30:11', '2021-11-26 03:30:11'),
(26, '2021-11-26 03:30:11', '2021-11-26 03:30:11'),
(27, '2021-11-26 03:30:11', '2021-11-26 03:30:11'),
(28, '2021-11-26 03:30:11', '2021-11-26 03:30:11'),
(29, '2021-11-26 03:30:11', '2021-11-26 03:30:11'),
(30, '2021-11-26 03:30:11', '2021-11-26 03:30:11'),
(32, '2021-12-23 00:22:35', '2021-12-23 00:22:35'),
(33, '2021-12-23 00:22:35', '2021-12-23 00:22:35'),
(34, '2021-12-23 00:24:36', '2021-12-23 00:24:36'),
(35, '2021-12-23 00:24:36', '2021-12-23 00:24:36'),
(36, '2021-12-23 00:24:36', '2021-12-23 00:24:36'),
(37, '2021-12-23 00:24:36', '2021-12-23 00:24:36'),
(38, '2021-12-23 00:24:36', '2021-12-23 00:24:36'),
(39, '2021-12-23 00:24:36', '2021-12-23 00:24:36'),
(40, '2021-12-23 00:24:36', '2021-12-23 00:24:36'),
(41, '2021-12-23 00:24:36', '2021-12-23 00:24:36'),
(42, '2021-12-23 00:24:36', '2021-12-23 00:24:36'),
(43, '2021-12-23 00:24:36', '2021-12-23 00:24:36'),
(44, '2021-12-23 00:24:36', '2021-12-23 00:24:36'),
(45, '2021-12-23 00:24:36', '2021-12-23 00:24:36'),
(46, '2021-12-23 00:24:36', '2021-12-23 00:24:36'),
(47, '2021-12-23 00:24:36', '2021-12-23 00:24:36'),
(48, '2021-12-23 00:24:36', '2021-12-23 00:24:36'),
(49, '2021-12-23 00:24:36', '2021-12-23 00:24:36'),
(50, '2021-12-23 00:24:36', '2021-12-23 00:24:36'),
(51, '2021-12-23 00:24:36', '2021-12-23 00:24:36'),
(52, '2021-12-23 00:24:36', '2021-12-23 00:24:36'),
(53, '2021-12-23 00:24:36', '2021-12-23 00:24:36'),
(54, '2021-12-23 00:24:36', '2021-12-23 00:24:36'),
(55, '2021-12-23 00:24:36', '2021-12-23 00:24:36'),
(56, '2021-12-23 00:25:25', '2021-12-23 00:25:25');

-- --------------------------------------------------------

--
-- Estructura de tabla para la tabla `area`
--

CREATE TABLE `area` (
  `id_area` int(2) NOT NULL,
  `nombre` varchar(50) NOT NULL
) ENGINE=InnoDB DEFAULT CHARSET=utf8mb4;

--
-- Volcado de datos para la tabla `area`
--

INSERT INTO `area` (`id_area`, `nombre`) VALUES
(1, 'Ciencias Físico Matemáticas y de las Ingenierías'),
(2, 'Ciencias Biológicas, Químicas y de la Salud'),
(3, 'Ciencias Sociales'),
(4, 'Humanidades y las Artes');

-- --------------------------------------------------------

--
-- Estructura de tabla para la tabla `asignacion`
--

CREATE TABLE `asignacion` (
  `id_asignacion` int(10) NOT NULL,
  `id_usuarioprofesor_fk` int(100) NOT NULL,
  `id_grupo_fk` int(5) NOT NULL,
  `id_periodo_fk` int(100) NOT NULL,
  `cupo` int(3) NOT NULL,
  `inscritos` int(2) NOT NULL,
  `updated_at` timestamp NOT NULL DEFAULT current_timestamp(),
  `created_at` timestamp NOT NULL DEFAULT current_timestamp()
) ENGINE=InnoDB DEFAULT CHARSET=utf8mb4 ROW_FORMAT=COMPACT;

--
-- Volcado de datos para la tabla `asignacion`
--

INSERT INTO `asignacion` (`id_asignacion`, `id_usuarioprofesor_fk`, `id_grupo_fk`, `id_periodo_fk`, `cupo`, `inscritos`, `updated_at`, `created_at`) VALUES
(1, 1, 31, 8, 25, 7, '2021-11-25 23:29:55', '2021-11-25 23:29:55'),
(2, 1, 1, 8, 25, 1, '2021-11-25 23:29:55', '2021-11-25 23:29:55'),
(3, 5, 2, 8, 25, 0, '2021-11-25 23:31:04', '2021-11-25 23:31:04'),
(4, 5, 4, 8, 25, 0, '2021-11-25 23:31:04', '2021-11-25 23:31:04'),
(5, 7, 11, 9, 25, 0, '2021-11-25 23:33:02', '2021-11-25 23:33:02'),
(6, 7, 14, 9, 25, 0, '2021-11-25 23:33:02', '2021-11-25 23:33:02'),
(7, 9, 12, 9, 25, 0, '2021-11-25 23:33:34', '2021-11-25 23:33:34'),
(8, 9, 15, 9, 25, 0, '2021-11-25 23:33:34', '2021-11-25 23:33:34'),
(9, 5, 21, 9, 25, 0, '2021-12-11 17:27:14', '2021-12-11 17:27:14'),
(10, 1, 27, 8, 25, 0, '2021-12-17 21:38:01', '2021-12-17 21:38:01'),
(11, 1, 32, 8, 25, 0, '2021-12-17 22:37:40', '2021-12-17 22:37:40'),
(12, 77, 243, 9, 25, 3, '2021-12-23 23:02:38', '2021-12-23 23:02:38'),
(13, 79, 38, 9, 25, 2, '2021-12-23 23:08:02', '2021-12-23 23:08:02'),
(14, 94, 39, 9, 25, 1, '2021-12-23 23:08:02', '2021-12-23 23:08:02'),
(15, 100, 40, 9, 25, 1, '2021-12-23 23:08:02', '2021-12-23 23:08:02'),
(16, 79, 41, 9, 25, 1, '2021-12-23 23:08:02', '2021-12-23 23:08:02'),
(17, 94, 42, 9, 25, 2, '2021-12-23 23:08:02', '2021-12-23 23:08:02'),
(18, 88, 43, 9, 25, 2, '2021-12-23 23:15:32', '2021-12-23 23:15:32'),
(19, 88, 44, 9, 25, 1, '2021-12-23 23:15:32', '2021-12-23 23:15:32'),
(20, 86, 45, 9, 25, 1, '2021-12-23 23:15:32', '2021-12-23 23:15:32'),
(21, 121, 46, 9, 25, 1, '2021-12-23 23:15:32', '2021-12-23 23:15:32'),
(22, 88, 47, 9, 25, 2, '2021-12-23 23:15:32', '2021-12-23 23:15:32'),
(23, 61, 244, 9, 25, 1, '2021-12-23 23:36:55', '2021-12-23 23:36:55'),
(24, 62, 245, 9, 25, 1, '2021-12-23 23:57:28', '2021-12-23 23:57:28'),
(25, 63, 246, 9, 25, 0, '2021-12-23 23:57:28', '2021-12-23 23:57:28'),
(26, 64, 247, 9, 25, 1, '2021-12-23 23:57:28', '2021-12-23 23:57:28'),
(27, 65, 248, 9, 25, 1, '2021-12-23 23:57:28', '2021-12-23 23:57:28'),
(28, 66, 249, 9, 25, 1, '2021-12-23 23:57:28', '2021-12-23 23:57:28'),
(29, 67, 250, 9, 25, 1, '2021-12-23 23:57:28', '2021-12-23 23:57:28'),
(30, 68, 251, 9, 25, 1, '2021-12-23 23:57:28', '2021-12-23 23:57:28'),
(31, 69, 252, 9, 25, 1, '2021-12-23 23:57:28', '2021-12-23 23:57:28'),
(32, 70, 253, 9, 25, 1, '2021-12-23 23:57:28', '2021-12-23 23:57:28'),
(33, 90, 254, 9, 25, 0, '2021-12-23 23:57:28', '2021-12-23 23:57:28'),
(34, 72, 255, 9, 25, 1, '2021-12-23 23:57:28', '2021-12-23 23:57:28'),
(35, 73, 256, 9, 25, 1, '2021-12-23 23:57:28', '2021-12-23 23:57:28'),
(36, 74, 257, 9, 25, 1, '2021-12-23 23:57:28', '2021-12-23 23:57:28'),
(37, 75, 258, 9, 25, 1, '2021-12-23 23:57:28', '2021-12-23 23:57:28'),
(38, 83, 48, 9, 25, 0, '2021-12-24 00:06:13', '2021-12-24 00:06:13'),
(39, 83, 49, 9, 25, 2, '2021-12-24 00:09:59', '2021-12-24 00:09:59'),
(40, 137, 50, 9, 25, 1, '2021-12-24 00:09:59', '2021-12-24 00:09:59'),
(41, 129, 51, 9, 25, 1, '2021-12-24 00:09:59', '2021-12-24 00:09:59'),
(42, 129, 52, 9, 25, 2, '2021-12-24 00:09:59', '2021-12-24 00:09:59'),
(43, 95, 53, 9, 25, 2, '2021-12-24 00:12:45', '2021-12-24 00:12:45'),
(44, 132, 54, 9, 25, 1, '2021-12-24 00:12:45', '2021-12-24 00:12:45'),
(45, 132, 55, 9, 25, 1, '2021-12-24 00:12:45', '2021-12-24 00:12:45'),
(46, 112, 56, 9, 25, 1, '2021-12-24 00:12:45', '2021-12-24 00:12:45'),
(47, 112, 57, 9, 25, 2, '2021-12-24 00:12:45', '2021-12-24 00:12:45'),
(48, 84, 58, 9, 25, 1, '2021-12-24 00:15:38', '2021-12-24 00:15:38'),
(49, 83, 59, 9, 25, 1, '2021-12-24 00:15:38', '2021-12-24 00:15:38'),
(50, 137, 60, 9, 25, 1, '2021-12-24 00:15:38', '2021-12-24 00:15:38'),
(51, 64, 61, 9, 25, 1, '2021-12-24 00:15:38', '2021-12-24 00:15:38'),
(52, 64, 62, 9, 25, 2, '2021-12-24 00:15:38', '2021-12-24 00:15:38'),
(53, 90, 63, 9, 25, 2, '2021-12-24 00:17:34', '2021-12-24 00:17:34'),
(54, 132, 64, 9, 25, 1, '2021-12-24 00:17:34', '2021-12-24 00:17:34'),
(55, 95, 65, 9, 25, 1, '2021-12-24 00:17:34', '2021-12-24 00:17:34'),
(56, 90, 66, 9, 25, 1, '2021-12-24 00:17:34', '2021-12-24 00:17:34'),
(57, 90, 67, 9, 25, 2, '2021-12-24 00:17:34', '2021-12-24 00:17:34'),
(58, 88, 98, 9, 25, 3, '2021-12-24 00:53:56', '2021-12-24 00:53:56'),
(59, 156, 99, 9, 25, 1, '2021-12-24 00:53:56', '2021-12-24 00:53:56'),
(60, 82, 100, 9, 25, 1, '2021-12-24 00:53:56', '2021-12-24 00:53:56'),
(61, 156, 101, 9, 25, 1, '2021-12-24 00:53:56', '2021-12-24 00:53:56'),
(62, 63, 102, 9, 25, 1, '2021-12-24 00:53:56', '2021-12-24 00:53:56'),
(63, 150, 103, 9, 25, 3, '2021-12-24 01:16:02', '2021-12-24 01:16:02'),
(64, 57, 104, 9, 25, 1, '2021-12-24 01:16:02', '2021-12-24 01:16:02'),
(65, 148, 105, 9, 25, 1, '2021-12-24 01:16:02', '2021-12-24 01:16:02'),
(66, 150, 106, 9, 25, 1, '2021-12-24 01:16:02', '2021-12-24 01:16:02'),
(67, 128, 107, 9, 25, 1, '2021-12-24 01:16:02', '2021-12-24 01:16:02'),
(68, 114, 108, 9, 25, 3, '2021-12-24 01:16:02', '2021-12-24 01:16:02'),
(69, 89, 109, 9, 25, 1, '2021-12-24 01:16:02', '2021-12-24 01:16:02'),
(70, 112, 110, 9, 25, 1, '2021-12-24 01:16:02', '2021-12-24 01:16:02'),
(71, 156, 111, 9, 25, 1, '2021-12-24 01:16:02', '2021-12-24 01:16:02'),
(72, 63, 112, 9, 25, 1, '2021-12-24 01:16:02', '2021-12-24 01:16:02'),
(73, 90, 113, 9, 25, 3, '2021-12-24 01:16:02', '2021-12-24 01:16:02'),
(74, 132, 114, 9, 25, 1, '2021-12-24 01:16:02', '2021-12-24 01:16:02'),
(75, 91, 115, 9, 25, 1, '2021-12-24 01:16:02', '2021-12-24 01:16:02'),
(76, 90, 116, 9, 25, 1, '2021-12-24 01:16:02', '2021-12-24 01:16:02'),
(77, 108, 117, 9, 25, 1, '2021-12-24 01:16:02', '2021-12-24 01:16:02'),
(78, 108, 118, 9, 25, 3, '2021-12-24 01:16:02', '2021-12-24 01:16:02'),
(79, 83, 119, 9, 25, 1, '2021-12-24 01:16:02', '2021-12-24 01:16:02'),
(80, 89, 120, 9, 25, 1, '2021-12-24 01:16:02', '2021-12-24 01:16:02'),
(81, 117, 121, 9, 25, 1, '2021-12-24 01:16:02', '2021-12-24 01:16:02'),
(82, 117, 122, 9, 25, 1, '2021-12-24 01:16:02', '2021-12-24 01:16:02'),
(83, 84, 123, 9, 25, 3, '2021-12-24 01:16:02', '2021-12-24 01:16:02'),
(84, 123, 124, 9, 25, 1, '2021-12-24 01:16:02', '2021-12-24 01:16:02'),
(85, 149, 125, 9, 25, 1, '2021-12-24 01:16:02', '2021-12-24 01:16:02'),
(86, 123, 126, 9, 25, 1, '2021-12-24 01:16:02', '2021-12-24 01:16:02'),
(87, 92, 127, 9, 25, 1, '2021-12-24 01:16:02', '2021-12-24 01:16:02'),
(88, 87, 158, 9, 25, 2, '2021-12-24 01:48:22', '2021-12-24 01:48:22'),
(89, 135, 159, 9, 25, 2, '2021-12-24 01:48:22', '2021-12-24 01:48:22'),
(90, 110, 160, 9, 25, 1, '2021-12-24 01:48:22', '2021-12-24 01:48:22'),
(91, 126, 161, 9, 25, 1, '2021-12-24 01:48:22', '2021-12-24 01:48:22'),
(92, 148, 162, 9, 25, 1, '2021-12-24 01:48:22', '2021-12-24 01:48:22'),
(93, 82, 163, 9, 25, 2, '2021-12-24 01:48:22', '2021-12-24 01:48:22'),
(94, 121, 164, 9, 25, 2, '2021-12-24 01:48:22', '2021-12-24 01:48:22'),
(95, 101, 165, 9, 25, 1, '2021-12-24 01:48:22', '2021-12-24 01:48:22'),
(96, 101, 166, 9, 25, 1, '2021-12-24 01:48:22', '2021-12-24 01:48:22'),
(97, 116, 167, 9, 25, 1, '2021-12-24 01:48:22', '2021-12-24 01:48:22'),
(98, 89, 168, 9, 25, 2, '2021-12-24 01:48:22', '2021-12-24 01:48:22'),
(99, 108, 169, 9, 25, 2, '2021-12-24 01:48:22', '2021-12-24 01:48:22'),
(100, 91, 170, 9, 25, 1, '2021-12-24 01:48:22', '2021-12-24 01:48:22'),
(101, 112, 171, 9, 25, 1, '2021-12-24 01:48:22', '2021-12-24 01:48:22'),
(102, 114, 172, 9, 25, 1, '2021-12-24 01:48:22', '2021-12-24 01:48:22'),
(103, 89, 173, 9, 25, 2, '2021-12-24 01:48:22', '2021-12-24 01:48:22'),
(104, 133, 174, 9, 25, 2, '2021-12-24 01:48:22', '2021-12-24 01:48:22'),
(105, 154, 175, 9, 25, 1, '2021-12-24 01:48:22', '2021-12-24 01:48:22'),
(106, 130, 176, 9, 25, 1, '2021-12-24 01:48:22', '2021-12-24 01:48:22'),
(107, 130, 177, 9, 25, 1, '2021-12-24 01:48:22', '2021-12-24 01:48:22'),
(108, 57, 203, 9, 25, 2, '2021-12-24 02:35:43', '2021-12-24 02:35:43'),
(109, 117, 204, 9, 25, 2, '2021-12-24 02:35:43', '2021-12-24 02:35:43'),
(110, 125, 205, 9, 25, 2, '2021-12-24 02:35:43', '2021-12-24 02:35:43'),
(111, 127, 206, 9, 25, 1, '2021-12-24 02:35:43', '2021-12-24 02:35:43'),
(112, 145, 207, 9, 25, 0, '2021-12-24 02:35:43', '2021-12-24 02:35:43'),
(113, 82, 208, 9, 25, 2, '2021-12-24 02:35:43', '2021-12-24 02:35:43'),
(114, 131, 209, 9, 25, 2, '2021-12-24 02:35:43', '2021-12-24 02:35:43'),
(115, 120, 210, 9, 25, 2, '2021-12-24 02:35:43', '2021-12-24 02:35:43'),
(116, 116, 211, 9, 25, 1, '2021-12-24 02:35:43', '2021-12-24 02:35:43'),
(117, 101, 212, 9, 25, 0, '2021-12-24 02:35:43', '2021-12-24 02:35:43'),
(118, 145, 213, 9, 25, 2, '2021-12-24 02:35:43', '2021-12-24 02:35:43'),
(119, 82, 214, 9, 25, 2, '2021-12-24 02:35:43', '2021-12-24 02:35:43'),
(120, 112, 215, 9, 25, 2, '2021-12-24 02:35:43', '2021-12-24 02:35:43'),
(121, 83, 216, 9, 25, 1, '2021-12-24 02:35:43', '2021-12-24 02:35:43'),
(122, 83, 217, 9, 25, 0, '2021-12-24 02:35:43', '2021-12-24 02:35:43'),
(123, 96, 218, 9, 25, 2, '2021-12-24 02:35:43', '2021-12-24 02:35:43'),
(124, 89, 219, 9, 25, 2, '2021-12-24 02:35:43', '2021-12-24 02:35:43'),
(125, 148, 220, 9, 25, 2, '2021-12-24 02:35:43', '2021-12-24 02:35:43'),
(126, 148, 221, 9, 25, 1, '2021-12-24 02:35:43', '2021-12-24 02:35:43'),
(127, 115, 222, 9, 25, 0, '2021-12-24 02:35:43', '2021-12-24 02:35:43'),
(128, 84, 223, 9, 25, 2, '2021-12-24 02:35:43', '2021-12-24 02:35:43'),
(129, 137, 224, 9, 25, 2, '2021-12-24 02:35:43', '2021-12-24 02:35:43'),
(130, 97, 225, 9, 25, 2, '2021-12-24 02:35:43', '2021-12-24 02:35:43'),
(131, 119, 226, 9, 25, 1, '2021-12-24 02:35:43', '2021-12-24 02:35:43'),
(132, 119, 227, 9, 25, 0, '2021-12-24 02:35:43', '2021-12-24 02:35:43'),
(133, 137, 259, 9, 30, 2, '2021-12-24 03:49:26', '2021-12-24 03:49:26'),
(134, 129, 260, 9, 30, 1, '2021-12-24 03:49:26', '2021-12-24 03:49:26'),
(135, 84, 261, 9, 30, 1, '2021-12-24 03:47:41', '2021-12-24 03:47:41'),
(136, 129, 262, 9, 30, 1, '2021-12-24 03:49:26', '2021-12-24 03:49:26'),
(137, 90, 263, 9, 30, 2, '2021-12-24 03:49:26', '2021-12-24 03:49:26'),
(138, 77, 243, 10, 25, 0, '2021-12-24 21:27:36', '2021-12-24 21:27:36'),
(139, 78, 311, 10, 25, 0, '2021-12-24 21:37:57', '2021-12-24 21:37:57'),
(140, 78, 312, 10, 25, 0, '2021-12-24 21:37:57', '2021-12-24 21:37:57'),
(141, 80, 313, 10, 25, 0, '2021-12-24 21:37:57', '2021-12-24 21:37:57'),
(142, 82, 68, 10, 25, 0, '2021-12-24 22:46:00', '2021-12-24 22:46:00'),
(143, 68, 73, 10, 25, 0, '2021-12-24 22:46:00', '2021-12-24 22:46:00'),
(144, 83, 78, 10, 25, 0, '2021-12-24 22:46:00', '2021-12-24 22:46:00'),
(145, 84, 83, 10, 25, 0, '2021-12-24 22:46:00', '2021-12-24 22:46:00'),
(146, 85, 88, 10, 25, 0, '2021-12-24 22:46:00', '2021-12-24 22:46:00'),
(147, 86, 93, 10, 25, 0, '2021-12-24 22:46:00', '2021-12-24 22:46:00'),
(149, 88, 74, 10, 25, 0, '2021-12-24 22:46:00', '2021-12-24 22:46:00'),
(150, 89, 79, 10, 25, 0, '2021-12-24 22:46:00', '2021-12-24 22:46:00'),
(151, 90, 84, 10, 25, 0, '2021-12-24 22:46:00', '2021-12-24 22:46:00'),
(152, 91, 69, 10, 25, 0, '2021-12-24 22:46:00', '2021-12-24 22:46:00'),
(153, 92, 94, 10, 25, 0, '2021-12-24 22:46:00', '2021-12-24 22:46:00'),
(154, 93, 70, 10, 25, 0, '2021-12-24 22:46:00', '2021-12-24 22:46:00'),
(155, 94, 75, 10, 25, 0, '2021-12-24 22:46:00', '2021-12-24 22:46:00'),
(156, 95, 80, 10, 25, 0, '2021-12-24 22:46:00', '2021-12-24 22:46:00'),
(157, 90, 85, 10, 25, 0, '2021-12-24 22:46:00', '2021-12-24 22:46:00'),
(158, 96, 90, 10, 25, 0, '2021-12-24 22:46:00', '2021-12-24 22:46:00'),
(159, 97, 95, 10, 25, 0, '2021-12-24 22:46:00', '2021-12-24 22:46:00'),
(160, 82, 71, 10, 25, 0, '2021-12-24 22:46:00', '2021-12-24 22:46:00'),
(161, 98, 76, 10, 25, 0, '2021-12-24 22:46:00', '2021-12-24 22:46:00'),
(162, 99, 81, 10, 25, 0, '2021-12-24 22:46:00', '2021-12-24 22:46:00'),
(163, 99, 86, 10, 25, 0, '2021-12-24 22:46:00', '2021-12-24 22:46:00'),
(164, 97, 91, 10, 25, 0, '2021-12-24 22:46:00', '2021-12-24 22:46:00'),
(165, 100, 96, 10, 25, 0, '2021-12-24 22:46:00', '2021-12-24 22:46:00'),
(166, 101, 72, 10, 25, 0, '2021-12-24 22:46:00', '2021-12-24 22:46:00'),
(167, 102, 77, 10, 25, 0, '2021-12-24 22:46:00', '2021-12-24 22:46:00'),
(168, 83, 82, 10, 25, 0, '2021-12-24 22:46:00', '2021-12-24 22:46:00'),
(169, 103, 87, 10, 25, 0, '2021-12-24 22:46:00', '2021-12-24 22:46:00'),
(170, 104, 92, 10, 25, 0, '2021-12-24 22:46:00', '2021-12-24 22:46:00'),
(171, 105, 97, 10, 25, 0, '2021-12-24 22:46:00', '2021-12-24 22:46:00'),
(172, 106, 315, 10, 25, 0, '2021-12-25 18:18:38', '2021-12-25 18:18:38'),
(173, 93, 128, 10, 25, 0, '2021-12-25 18:18:38', '2021-12-25 18:18:38'),
(174, 107, 133, 10, 25, 0, '2021-12-25 18:18:38', '2021-12-25 18:18:38'),
(175, 108, 138, 10, 25, 0, '2021-12-25 18:18:38', '2021-12-25 18:18:38'),
(176, 109, 143, 10, 25, 0, '2021-12-25 18:18:38', '2021-12-25 18:18:38'),
(177, 109, 148, 10, 25, 0, '2021-12-25 18:18:38', '2021-12-25 18:18:38'),
(178, 110, 153, 10, 25, 0, '2021-12-25 18:18:38', '2021-12-25 18:18:38'),
(179, 111, 129, 10, 25, 0, '2021-12-25 18:18:38', '2021-12-25 18:18:38'),
(180, 88, 134, 10, 25, 0, '2021-12-25 18:18:38', '2021-12-25 18:18:38'),
(181, 110, 139, 10, 25, 0, '2021-12-25 18:18:38', '2021-12-25 18:18:38'),
(182, 112, 144, 10, 25, 0, '2021-12-25 18:18:38', '2021-12-25 18:18:38'),
(183, 96, 149, 10, 25, 0, '2021-12-25 18:18:38', '2021-12-25 18:18:38'),
(184, 84, 154, 10, 25, 0, '2021-12-25 18:18:38', '2021-12-25 18:18:38'),
(185, 111, 130, 10, 25, 0, '2021-12-25 18:18:38', '2021-12-25 18:18:38'),
(186, 113, 135, 10, 25, 0, '2021-12-25 18:18:38', '2021-12-25 18:18:38'),
(187, 91, 140, 10, 25, 0, '2021-12-25 18:18:38', '2021-12-25 18:18:38'),
(188, 114, 145, 10, 25, 0, '2021-12-25 18:18:38', '2021-12-25 18:18:38'),
(189, 115, 150, 10, 25, 0, '2021-12-25 18:18:38', '2021-12-25 18:18:38'),
(190, 91, 155, 10, 25, 0, '2021-12-25 18:18:38', '2021-12-25 18:18:38'),
(191, 157, 131, 10, 25, 0, '2021-12-25 18:18:38', '2021-12-25 18:18:38'),
(192, 116, 136, 10, 25, 0, '2021-12-25 18:18:38', '2021-12-25 18:18:38'),
(193, 117, 141, 10, 25, 0, '2021-12-25 18:18:38', '2021-12-25 18:18:38'),
(194, 118, 146, 10, 25, 0, '2021-12-25 18:18:38', '2021-12-25 18:18:38'),
(195, 81, 151, 10, 25, 0, '2021-12-25 18:18:38', '2021-12-25 18:18:38'),
(196, 119, 156, 10, 25, 0, '2021-12-25 18:18:38', '2021-12-25 18:18:38'),
(197, 120, 132, 10, 25, 0, '2021-12-25 18:18:38', '2021-12-25 18:18:38'),
(198, 121, 137, 10, 25, 0, '2021-12-25 18:18:38', '2021-12-25 18:18:38'),
(199, 114, 142, 10, 25, 0, '2021-12-25 18:18:38', '2021-12-25 18:18:38'),
(200, 90, 147, 10, 25, 0, '2021-12-25 18:18:38', '2021-12-25 18:18:38'),
(201, 122, 152, 10, 25, 0, '2021-12-25 18:18:38', '2021-12-25 18:18:38'),
(202, 85, 157, 10, 25, 0, '2021-12-25 18:18:38', '2021-12-25 18:18:38'),
(203, 124, 316, 10, 25, 0, '2021-12-25 21:26:47', '2021-12-25 21:26:47'),
(204, 125, 317, 10, 25, 0, '2021-12-25 21:26:47', '2021-12-25 21:26:47'),
(205, 87, 178, 10, 25, 0, '2021-12-25 21:26:47', '2021-12-25 21:26:47'),
(206, 126, 183, 10, 25, 0, '2021-12-25 21:26:47', '2021-12-25 21:26:47'),
(207, 91, 188, 10, 25, 0, '2021-12-25 21:26:47', '2021-12-25 21:26:47'),
(208, 108, 193, 10, 25, 0, '2021-12-25 21:27:08', '2021-12-25 21:27:08'),
(209, 96, 198, 10, 25, 0, '2021-12-25 21:27:08', '2021-12-25 21:27:08'),
(210, 127, 318, 10, 25, 0, '2021-12-25 21:27:08', '2021-12-25 21:27:08'),
(211, 68, 179, 10, 25, 0, '2021-12-25 21:27:08', '2021-12-25 21:27:08'),
(212, 128, 184, 10, 25, 0, '2021-12-25 21:27:08', '2021-12-25 21:27:08'),
(213, 129, 189, 10, 25, 0, '2021-12-25 21:27:27', '2021-12-25 21:27:27'),
(214, 130, 194, 10, 25, 0, '2021-12-25 21:27:27', '2021-12-25 21:27:27'),
(215, 85, 199, 10, 25, 0, '2021-12-25 21:27:27', '2021-12-25 21:27:27'),
(216, 82, 180, 10, 25, 0, '2021-12-25 21:27:27', '2021-12-25 21:27:27'),
(217, 131, 185, 10, 25, 0, '2021-12-25 21:27:27', '2021-12-25 21:27:27'),
(218, 132, 190, 10, 25, 0, '2021-12-25 21:27:48', '2021-12-25 21:27:48'),
(219, 133, 195, 10, 25, 0, '2021-12-25 21:27:48', '2021-12-25 21:27:48'),
(220, 89, 200, 10, 25, 0, '2021-12-25 21:27:48', '2021-12-25 21:27:48'),
(221, 134, 319, 10, 25, 0, '2021-12-25 21:27:48', '2021-12-25 21:27:48'),
(222, 135, 181, 10, 25, 0, '2021-12-25 21:27:48', '2021-12-25 21:27:48'),
(223, 136, 186, 10, 25, 0, '2021-12-25 21:29:52', '2021-12-25 21:29:52'),
(224, 137, 191, 10, 25, 0, '2021-12-25 21:29:52', '2021-12-25 21:29:52'),
(225, 138, 196, 10, 25, 0, '2021-12-25 21:29:52', '2021-12-25 21:29:52'),
(226, 139, 201, 10, 25, 0, '2021-12-25 21:29:52', '2021-12-25 21:29:52'),
(227, 113, 320, 10, 25, 0, '2021-12-25 21:29:52', '2021-12-25 21:29:52'),
(228, 87, 182, 10, 25, 0, '2021-12-25 21:29:52', '2021-12-25 21:29:52'),
(229, 140, 187, 10, 25, 0, '2021-12-25 21:29:52', '2021-12-25 21:29:52'),
(230, 110, 192, 10, 25, 0, '2021-12-25 21:29:52', '2021-12-25 21:29:52'),
(231, 141, 197, 10, 25, 0, '2021-12-25 21:29:52', '2021-12-25 21:29:52'),
(232, 138, 202, 10, 25, 0, '2021-12-25 21:29:52', '2021-12-25 21:29:52'),
(233, 138, 321, 10, 25, 0, '2021-12-25 23:01:03', '2021-12-25 23:01:03'),
(234, 143, 322, 10, 25, 0, '2021-12-25 23:01:03', '2021-12-25 23:01:03'),
(235, 142, 228, 10, 25, 0, '2021-12-25 23:01:03', '2021-12-25 23:01:03'),
(236, 83, 323, 10, 25, 0, '2021-12-25 23:01:03', '2021-12-25 23:01:03'),
(237, 144, 229, 10, 25, 0, '2021-12-25 23:01:03', '2021-12-25 23:01:03'),
(238, 145, 234, 10, 25, 0, '2021-12-25 23:21:55', '2021-12-25 23:21:55'),
(239, 104, 324, 10, 25, 0, '2021-12-25 23:21:55', '2021-12-25 23:21:55'),
(240, 146, 293, 10, 25, 0, '2021-12-25 23:21:55', '2021-12-25 23:21:55'),
(241, 94, 230, 10, 25, 0, '2021-12-25 23:21:55', '2021-12-25 23:21:55'),
(242, 147, 235, 10, 25, 0, '2021-12-25 23:21:55', '2021-12-25 23:21:55'),
(243, 148, 325, 10, 25, 0, '2021-12-25 23:21:55', '2021-12-25 23:21:55'),
(244, 146, 326, 10, 25, 0, '2021-12-25 23:21:55', '2021-12-25 23:21:55'),
(245, 149, 327, 10, 25, 0, '2021-12-25 23:21:55', '2021-12-25 23:21:55'),
(246, 150, 233, 10, 25, 0, '2021-12-25 23:21:55', '2021-12-25 23:21:55'),
(247, 151, 328, 10, 25, 0, '2021-12-25 23:21:55', '2021-12-25 23:21:55'),
(248, 83, 294, 10, 25, 0, '2021-12-25 23:21:55', '2021-12-25 23:21:55'),
(249, 130, 329, 10, 25, 0, '2021-12-25 23:21:55', '2021-12-25 23:21:55'),
(250, 152, 231, 10, 25, 0, '2021-12-25 23:21:55', '2021-12-25 23:21:55'),
(251, 153, 236, 10, 25, 0, '2021-12-25 23:21:55', '2021-12-25 23:21:55'),
(252, 143, 330, 10, 25, 0, '2021-12-25 23:21:55', '2021-12-25 23:21:55'),
(253, 154, 331, 10, 25, 0, '2021-12-25 23:21:55', '2021-12-25 23:21:55'),
(254, 129, 332, 10, 25, 0, '2021-12-25 23:21:55', '2021-12-25 23:21:55'),
(255, 155, 232, 10, 25, 0, '2021-12-25 23:21:55', '2021-12-25 23:21:55'),
(256, 156, 237, 10, 25, 0, '2021-12-25 23:21:55', '2021-12-25 23:21:55'),
(257, 102, 333, 10, 25, 0, '2021-12-25 23:21:55', '2021-12-25 23:21:55'),
(258, 146, 334, 10, 25, 0, '2021-12-25 23:21:55', '2021-12-25 23:21:55'),
(259, 79, 335, 10, 25, 0, '2021-12-25 23:21:55', '2021-12-25 23:21:55'),
(260, 82, 68, 8, 25, 1, '2021-12-26 18:23:55', '2021-12-26 18:23:55'),
(261, 68, 73, 8, 25, 1, '2021-12-26 18:23:55', '2021-12-26 18:23:55'),
(262, 83, 78, 8, 25, 1, '2021-12-26 18:23:55', '2021-12-26 18:23:55'),
(263, 84, 83, 8, 25, 1, '2021-12-26 18:23:55', '2021-12-26 18:23:55'),
(264, 85, 88, 8, 25, 1, '2021-12-26 18:23:55', '2021-12-26 18:23:55'),
(265, 86, 93, 8, 25, 1, '2021-12-26 18:23:55', '2021-12-26 18:23:55'),
(266, 94, 42, 7, 25, 1, '2021-12-26 21:57:05', '2021-12-26 21:57:05'),
(267, 88, 47, 7, 25, 1, '2021-12-26 21:57:05', '2021-12-26 21:57:05'),
(268, 90, 263, 7, 25, 1, '2021-12-26 21:57:05', '2021-12-26 21:57:05'),
(269, 129, 52, 7, 25, 1, '2021-12-26 21:57:05', '2021-12-26 21:57:05'),
(270, 112, 57, 7, 25, 1, '2021-12-26 21:57:05', '2021-12-26 21:57:05'),
(271, 64, 62, 7, 25, 1, '2021-12-26 21:57:05', '2021-12-26 21:57:05'),
(272, 90, 67, 7, 25, 1, '2021-12-26 21:57:05', '2021-12-26 21:57:05'),
(273, 110, 270, 9, 25, 2, '2021-12-27 00:05:31', '2021-12-27 00:05:31'),
(274, 111, 336, 9, 20, 3, '2021-12-27 00:14:19', '2021-12-27 00:14:19'),
(275, 78, 266, 9, 20, 4, '2021-12-27 00:18:31', '2021-12-27 00:18:31'),
(276, 87, 158, 7, 20, 2, '2021-12-27 02:36:34', '2021-12-27 02:36:34'),
(277, 135, 159, 7, 20, 2, '2021-12-27 02:36:34', '2021-12-27 02:36:34'),
(278, 110, 160, 7, 20, 2, '2021-12-27 02:36:34', '2021-12-27 02:36:34'),
(279, 126, 161, 7, 20, 1, '2021-12-27 02:36:34', '2021-12-27 02:36:34'),
(280, 148, 162, 7, 20, 0, '2021-12-27 02:36:34', '2021-12-27 02:36:34'),
(281, 82, 163, 7, 20, 2, '2021-12-27 02:36:34', '2021-12-27 02:36:34'),
(282, 121, 164, 7, 20, 2, '2021-12-27 02:36:34', '2021-12-27 02:36:34'),
(283, 101, 165, 7, 20, 2, '2021-12-27 02:36:34', '2021-12-27 02:36:34'),
(284, 101, 166, 7, 20, 1, '2021-12-27 02:36:34', '2021-12-27 02:36:34'),
(285, 116, 167, 7, 20, 0, '2021-12-27 02:36:34', '2021-12-27 02:36:34'),
(286, 89, 168, 7, 20, 2, '2021-12-27 02:36:34', '2021-12-27 02:36:34'),
(287, 108, 169, 7, 20, 2, '2021-12-27 02:36:34', '2021-12-27 02:36:34'),
(288, 91, 170, 7, 20, 2, '2021-12-27 02:36:34', '2021-12-27 02:36:34'),
(289, 112, 171, 7, 20, 1, '2021-12-27 02:36:34', '2021-12-27 02:36:34'),
(290, 114, 172, 7, 20, 0, '2021-12-27 02:36:34', '2021-12-27 02:36:34'),
(296, 78, 266, 7, 20, 6, '2021-12-27 02:36:34', '2021-12-27 02:36:34'),
(297, 78, 267, 7, 20, 1, '2021-12-27 02:36:34', '2021-12-27 02:36:34'),
(298, 78, 268, 7, 20, 0, '2021-12-27 02:36:34', '2021-12-27 02:36:34'),
(299, 78, 269, 7, 20, 0, '2021-12-27 02:36:34', '2021-12-27 02:36:34'),
(300, 127, 264, 7, 20, 0, '2021-12-27 02:36:34', '2021-12-27 02:36:34'),
(301, 127, 265, 7, 20, 0, '2021-12-27 02:36:34', '2021-12-27 02:36:34'),
(302, 87, 178, 8, 20, 2, '2021-12-27 06:08:38', '2021-12-27 06:08:38'),
(303, 68, 179, 8, 20, 2, '2021-12-27 06:08:38', '2021-12-27 06:08:38'),
(304, 82, 180, 8, 20, 2, '2021-12-27 06:08:38', '2021-12-27 06:08:38'),
(305, 135, 181, 8, 20, 1, '2021-12-27 06:08:38', '2021-12-27 06:08:38'),
(306, 87, 182, 8, 20, 0, '2021-12-27 06:08:38', '2021-12-27 06:08:38'),
(307, 126, 183, 8, 20, 2, '2021-12-27 06:08:38', '2021-12-27 06:08:38'),
(308, 128, 184, 8, 20, 1, '2021-12-27 06:08:38', '2021-12-27 06:08:38'),
(309, 131, 185, 8, 20, 2, '2021-12-27 06:08:38', '2021-12-27 06:08:38'),
(310, 136, 186, 8, 20, 1, '2021-12-27 06:08:38', '2021-12-27 06:08:38'),
(311, 140, 187, 8, 20, 0, '2021-12-27 06:08:38', '2021-12-27 06:08:38'),
(312, 91, 188, 8, 20, 2, '2021-12-27 06:08:38', '2021-12-27 06:08:38'),
(313, 129, 189, 8, 20, 1, '2021-12-27 06:08:38', '2021-12-27 06:08:38'),
(314, 132, 190, 8, 20, 2, '2021-12-27 06:08:38', '2021-12-27 06:08:38'),
(315, 137, 191, 8, 20, 1, '2021-12-27 06:08:38', '2021-12-27 06:08:38'),
(316, 110, 192, 8, 20, 0, '2021-12-27 06:08:38', '2021-12-27 06:08:38'),
(317, 108, 193, 8, 20, 2, '2021-12-27 06:08:38', '2021-12-27 06:08:38'),
(318, 130, 194, 8, 20, 2, '2021-12-27 06:08:38', '2021-12-27 06:08:38'),
(319, 133, 195, 8, 20, 2, '2021-12-27 06:08:38', '2021-12-27 06:08:38'),
(320, 138, 196, 8, 20, 1, '2021-12-27 06:08:38', '2021-12-27 06:08:38'),
(321, 141, 197, 8, 20, 0, '2021-12-27 06:08:38', '2021-12-27 06:08:38'),
(322, 96, 198, 8, 20, 2, '2021-12-27 06:08:38', '2021-12-27 06:08:38'),
(323, 85, 199, 8, 20, 1, '2021-12-27 06:08:38', '2021-12-27 06:08:38'),
(324, 89, 200, 8, 20, 2, '2021-12-27 06:08:38', '2021-12-27 06:08:38'),
(325, 139, 201, 8, 20, 1, '2021-12-27 06:08:38', '2021-12-27 06:08:38'),
(326, 138, 202, 8, 20, 0, '2021-12-27 06:08:38', '2021-12-27 06:08:38'),
(327, 78, 311, 8, 20, 0, '2021-12-27 06:08:38', '2021-12-27 06:08:38'),
(328, 78, 269, 8, 20, 5, '2021-12-27 06:08:38', '2021-12-27 06:08:38'),
(329, 127, 318, 8, 20, 0, '2021-12-27 06:08:38', '2021-12-27 06:08:38'),
(330, 124, 316, 8, 20, 1, '2021-12-27 06:08:38', '2021-12-27 06:08:38'),
(331, 134, 319, 8, 20, 1, '2021-12-27 06:08:38', '2021-12-27 06:08:38'),
(332, 57, 203, 7, 20, 1, '2021-12-27 16:55:18', '2021-12-27 16:55:18'),
(333, 117, 204, 7, 20, 0, '2021-12-27 16:55:18', '2021-12-27 16:55:18'),
(334, 125, 205, 7, 20, 0, '2021-12-27 16:55:18', '2021-12-27 16:55:18'),
(335, 127, 206, 7, 20, 0, '2021-12-27 16:55:18', '2021-12-27 16:55:18'),
(336, 145, 207, 7, 20, 0, '2021-12-27 16:55:18', '2021-12-27 16:55:18'),
(337, 82, 208, 7, 20, 1, '2021-12-27 16:55:18', '2021-12-27 16:55:18'),
(338, 131, 209, 7, 20, 0, '2021-12-27 16:55:18', '2021-12-27 16:55:18'),
(339, 120, 210, 7, 20, 0, '2021-12-27 16:55:18', '2021-12-27 16:55:18'),
(340, 116, 211, 7, 20, 0, '2021-12-27 16:55:18', '2021-12-27 16:55:18'),
(341, 117, 212, 7, 20, 0, '2021-12-27 16:55:18', '2021-12-27 16:55:18'),
(342, 145, 213, 7, 20, 2, '2021-12-27 16:55:18', '2021-12-27 16:55:18'),
(343, 82, 214, 7, 20, 0, '2021-12-27 16:55:18', '2021-12-27 16:55:18'),
(344, 112, 215, 7, 20, 0, '2021-12-27 16:55:18', '2021-12-27 16:55:18'),
(345, 83, 216, 7, 20, 0, '2021-12-27 16:55:18', '2021-12-27 16:55:18'),
(346, 83, 217, 7, 20, 0, '2021-12-27 16:55:18', '2021-12-27 16:55:18'),
(347, 96, 218, 7, 20, 2, '2021-12-27 16:55:18', '2021-12-27 16:55:18'),
(348, 89, 219, 7, 20, 0, '2021-12-27 16:55:18', '2021-12-27 16:55:18'),
(349, 148, 220, 7, 20, 0, '2021-12-27 16:55:18', '2021-12-27 16:55:18'),
(350, 148, 221, 7, 20, 0, '2021-12-27 16:55:18', '2021-12-27 16:55:18'),
(351, 115, 222, 7, 20, 0, '2021-12-27 16:55:18', '2021-12-27 16:55:18'),
(352, 84, 223, 7, 20, 1, '2021-12-27 16:55:18', '2021-12-27 16:55:18'),
(353, 137, 224, 7, 20, 0, '2021-12-27 16:55:18', '2021-12-27 16:55:18'),
(354, 97, 225, 7, 20, 0, '2021-12-27 16:55:18', '2021-12-27 16:55:18'),
(355, 119, 226, 7, 20, 0, '2021-12-27 16:55:18', '2021-12-27 16:55:18'),
(356, 119, 227, 7, 20, 0, '2021-12-27 16:55:18', '2021-12-27 16:55:18'),
(357, 97, 272, 7, 20, 1, '2021-12-27 16:55:18', '2021-12-27 16:55:18'),
(358, 119, 273, 7, 20, 0, '2021-12-27 16:55:18', '2021-12-27 16:55:18'),
(359, 127, 264, 7, 20, 0, '2021-12-27 16:55:18', '2021-12-27 16:55:18'),
(361, 142, 228, 8, 20, 1, '2021-12-27 17:26:17', '2021-12-27 17:26:17'),
(362, 144, 229, 8, 20, 1, '2021-12-27 17:26:17', '2021-12-27 17:26:17'),
(363, 94, 230, 8, 20, 0, '2021-12-27 17:26:17', '2021-12-27 17:26:17'),
(364, 152, 231, 8, 20, 0, '2021-12-27 17:26:17', '2021-12-27 17:26:17'),
(365, 155, 232, 8, 20, 0, '2021-12-27 17:26:17', '2021-12-27 17:26:17'),
(366, 150, 233, 8, 20, 1, '2021-12-27 17:26:17', '2021-12-27 17:26:17'),
(367, 145, 234, 8, 20, 1, '2021-12-27 17:26:17', '2021-12-27 17:26:17'),
(368, 147, 235, 8, 20, 0, '2021-12-27 17:26:17', '2021-12-27 17:26:17'),
(369, 153, 236, 8, 20, 0, '2021-12-27 17:26:17', '2021-12-27 17:26:17'),
(370, 156, 237, 8, 20, 0, '2021-12-27 17:26:17', '2021-12-27 17:26:17'),
(371, 104, 324, 8, 20, 2, '2021-12-27 17:26:17', '2021-12-27 17:26:17'),
(372, 151, 328, 8, 20, 0, '2021-12-27 17:26:17', '2021-12-27 17:26:17'),
(373, 138, 314, 8, 20, 1, '2021-12-27 17:26:17', '2021-12-27 17:26:17'),
(374, 138, 321, 8, 20, 0, '2021-12-27 17:26:17', '2021-12-27 17:26:17'),
(375, 148, 325, 8, 20, 1, '2021-12-27 17:26:17', '2021-12-27 17:26:17'),
(376, 154, 331, 8, 20, 0, '2021-12-27 17:26:17', '2021-12-27 17:26:17'),
(377, 94, 238, 9, 20, 1, '2021-12-27 18:13:26', '2021-12-27 18:13:26'),
(378, 66, 239, 9, 20, 1, '2021-12-27 18:13:26', '2021-12-27 18:13:26'),
(379, 57, 240, 9, 20, 1, '2021-12-27 18:13:26', '2021-12-27 18:13:26'),
(380, 156, 241, 9, 20, 0, '2021-12-27 18:13:26', '2021-12-27 18:13:26'),
(381, 94, 242, 9, 20, 0, '2021-12-27 18:13:26', '2021-12-27 18:13:26'),
(382, 68, 301, 9, 20, 1, '2021-12-27 18:13:26', '2021-12-27 18:13:26'),
(383, 89, 302, 9, 20, 1, '2021-12-27 18:13:26', '2021-12-27 18:13:26'),
(384, 90, 303, 9, 20, 1, '2021-12-27 18:13:26', '2021-12-27 18:13:26'),
(385, 119, 304, 9, 20, 0, '2021-12-27 18:13:26', '2021-12-27 18:13:26'),
(386, 86, 305, 9, 20, 0, '2021-12-27 18:13:26', '2021-12-27 18:13:26'),
(387, 146, 293, 9, 20, 2, '2021-12-27 18:13:26', '2021-12-27 18:13:26'),
(388, 83, 294, 9, 20, 1, '2021-12-27 18:13:26', '2021-12-27 18:13:26'),
(389, 83, 337, 10, 25, 0, '2021-12-29 02:04:22', '2021-12-29 02:04:22'),
(390, 107, 134, 8, 25, 1, '2021-12-31 02:22:33', '2021-12-31 02:22:33'),
(391, 107, 133, 6, 25, 1, '2021-12-31 02:22:33', '2021-12-31 02:22:33'),
(392, 69, 338, 9, 25, 0, '2021-12-31 04:24:22', '2021-12-31 04:24:22'),
(393, 137, 339, 9, 25, 0, '2021-12-31 04:32:53', '2021-12-31 04:32:53'),
(394, 84, 340, 9, 25, 0, '2021-12-31 04:32:53', '2021-12-31 04:32:53'),
(395, 84, 341, 9, 25, 0, '2021-12-31 04:32:53', '2021-12-31 04:32:53'),
(396, 137, 342, 9, 25, 0, '2021-12-31 04:32:53', '2021-12-31 04:32:53'),
(398, 84, 338, 7, 25, 0, '2021-12-31 04:32:53', '2021-12-31 04:32:53'),
(399, 137, 339, 7, 25, 4, '2021-12-31 04:32:53', '2021-12-31 04:32:53'),
(400, 84, 340, 7, 25, 0, '2021-12-31 04:32:53', '2021-12-31 04:32:53'),
(401, 84, 341, 7, 25, 0, '2021-12-31 04:32:53', '2021-12-31 04:32:53'),
(402, 137, 342, 7, 25, 1, '2021-12-31 04:32:53', '2021-12-31 04:32:53'),
(404, 84, 338, 5, 25, 1, '2021-12-31 04:32:53', '2021-12-31 04:32:53'),
(405, 137, 339, 5, 25, 0, '2021-12-31 04:32:53', '2021-12-31 04:32:53'),
(406, 84, 340, 5, 25, 0, '2021-12-31 04:32:53', '2021-12-31 04:32:53'),
(407, 84, 341, 5, 25, 0, '2021-12-31 04:32:53', '2021-12-31 04:32:53'),
(408, 137, 342, 5, 25, 0, '2021-12-31 04:32:53', '2021-12-31 04:32:53'),
(409, 69, 343, 9, 25, 0, '2021-12-31 04:32:53', '2021-12-31 04:32:53'),
(410, 79, 38, 1, 25, 1, '2022-01-01 18:46:56', '2022-01-01 18:46:56'),
(411, 88, 43, 1, 25, 1, '2022-01-01 18:57:23', '2022-01-01 18:57:23'),
(412, 130, 259, 1, 25, 1, '2022-01-01 18:57:23', '2022-01-01 18:57:23'),
(413, 83, 48, 1, 25, 1, '2022-01-01 18:57:23', '2022-01-01 18:57:23'),
(414, 95, 53, 1, 25, 1, '2022-01-01 18:57:23', '2022-01-01 18:57:23'),
(415, 84, 58, 1, 25, 1, '2022-01-01 18:57:23', '2022-01-01 18:57:23'),
(416, 90, 63, 1, 25, 1, '2022-01-01 18:57:23', '2022-01-01 18:57:23'),
(417, 82, 68, 2, 25, 1, '2022-01-01 19:07:29', '2022-01-01 19:07:29'),
(418, 68, 73, 2, 25, 1, '2022-01-01 19:07:29', '2022-01-01 19:07:29'),
(419, 83, 78, 2, 25, 1, '2022-01-01 19:07:29', '2022-01-01 19:07:29'),
(420, 84, 83, 2, 25, 1, '2022-01-01 19:07:29', '2022-01-01 19:07:29'),
(421, 85, 88, 2, 25, 1, '2022-01-01 19:07:29', '2022-01-01 19:07:29'),
(422, 86, 93, 2, 25, 1, '2022-01-01 19:07:29', '2022-01-01 19:07:29'),
(423, 88, 98, 3, 25, 1, '2022-01-01 19:15:54', '2022-01-01 19:15:54'),
(424, 150, 103, 3, 25, 1, '2022-01-01 19:15:54', '2022-01-01 19:15:54'),
(425, 114, 108, 3, 25, 1, '2022-01-01 19:15:54', '2022-01-01 19:15:54'),
(426, 90, 113, 3, 25, 1, '2022-01-01 19:15:54', '2022-01-01 19:15:54'),
(427, 108, 118, 3, 25, 1, '2022-01-01 19:15:54', '2022-01-01 19:15:54'),
(428, 84, 123, 3, 25, 1, '2022-01-01 19:15:54', '2022-01-01 19:15:54'),
(429, 93, 128, 4, 25, 1, '2022-01-01 19:20:45', '2022-01-01 19:20:45'),
(430, 107, 133, 4, 25, 1, '2022-01-01 19:20:45', '2022-01-01 19:20:45'),
(431, 108, 138, 4, 25, 1, '2022-01-01 19:20:45', '2022-01-01 19:20:45'),
(432, 109, 143, 4, 25, 1, '2022-01-01 19:20:45', '2022-01-01 19:20:45'),
(433, 109, 148, 4, 25, 1, '2022-01-01 19:20:45', '2022-01-01 19:20:45'),
(434, 110, 153, 4, 25, 1, '2022-01-01 19:20:45', '2022-01-01 19:20:45'),
(435, 87, 158, 5, 25, 1, '2022-01-01 19:48:00', '2022-01-01 19:48:00'),
(436, 82, 163, 5, 25, 1, '2022-01-01 19:48:00', '2022-01-01 19:48:00'),
(437, 89, 168, 5, 25, 1, '2022-01-01 19:48:00', '2022-01-01 19:48:00'),
(438, 89, 173, 5, 25, 1, '2022-01-01 19:48:00', '2022-01-01 19:48:00'),
(439, 78, 266, 5, 25, 1, '2022-01-01 19:48:00', '2022-01-01 19:48:00'),
(440, 87, 178, 6, 25, 1, '2022-01-01 19:56:52', '2022-01-01 19:56:52'),
(441, 126, 183, 6, 25, 1, '2022-01-01 19:56:52', '2022-01-01 19:56:52'),
(442, 91, 188, 6, 25, 1, '2022-01-01 19:56:52', '2022-01-01 19:56:52'),
(443, 108, 193, 6, 25, 1, '2022-01-01 19:56:52', '2022-01-01 19:56:52'),
(444, 96, 198, 6, 25, 1, '2022-01-01 19:56:52', '2022-01-01 19:56:52'),
(445, 78, 312, 6, 25, 1, '2022-01-01 19:56:52', '2022-01-01 19:56:52'),
(446, 111, 336, 7, 25, 1, '2022-01-01 20:06:08', '2022-01-01 20:06:08'),
(447, 149, 327, 8, 25, 1, '2022-01-01 20:36:24', '2022-01-01 20:36:24'),
(448, 146, 293, 8, 25, 1, '2022-01-01 20:38:52', '2022-01-01 20:38:52'),
(449, 96, 346, 8, 25, 1, '2022-01-01 20:41:38', '2022-01-01 20:41:38');

-- --------------------------------------------------------

--
-- Estructura de tabla para la tabla `asignaturas`
--

CREATE TABLE `asignaturas` (
  `id_asignatura` int(10) NOT NULL,
  `id_plan_fk` int(5) NOT NULL,
  `codigo` int(4) NOT NULL,
  `nombre` varchar(100) NOT NULL,
  `creditos` int(2) NOT NULL,
  `antecesor` int(10) DEFAULT NULL,
  `sucesor` int(10) DEFAULT NULL,
  `caracter` tinyint(2) NOT NULL,
  `semestre` tinyint(2) NOT NULL,
  `estatus` int(2) NOT NULL,
  `updated_at` timestamp NOT NULL DEFAULT current_timestamp(),
  `created_at` timestamp NOT NULL DEFAULT current_timestamp()
) ENGINE=InnoDB DEFAULT CHARSET=utf8mb4;

--
-- Volcado de datos para la tabla `asignaturas`
--

INSERT INTO `asignaturas` (`id_asignatura`, `id_plan_fk`, `codigo`, `nombre`, `creditos`, `antecesor`, `sucesor`, `caracter`, `semestre`, `estatus`, `updated_at`, `created_at`) VALUES
(1, 9, 100, 'Administración I. Proceso Administrativo', 6, NULL, NULL, 1, 1, 1, '2021-11-25 22:31:38', '2021-11-25 22:31:38'),
(2, 9, 101, 'Comunicación oral y escrita', 6, NULL, NULL, 1, 1, 1, '2021-11-25 22:31:56', '2021-11-25 22:31:56'),
(3, 9, 102, 'Informática I. Introducción a la informática', 8, NULL, NULL, 1, 1, 1, '2021-11-25 22:34:33', '2021-11-25 22:34:33'),
(4, 9, 104, 'Taller de componentes de Hardware', 3, NULL, NULL, 1, 1, 1, '2021-11-25 22:36:08', '2021-11-25 22:36:08'),
(5, 9, 105, 'Análisis y diseño de algoritmos', 8, NULL, NULL, 1, 1, 1, '2021-11-25 22:37:31', '2021-11-25 22:37:31'),
(6, 9, 106, 'Matemáticas I. Matemáticas básicas', 8, NULL, NULL, 1, 1, 1, '2021-11-25 22:38:24', '2021-11-25 22:38:24'),
(7, 9, 107, 'Programación I. Introducción a la programación y ambientes integrados', 8, NULL, NULL, 1, 1, 1, '2021-11-25 22:39:12', '2021-11-25 22:39:12'),
(8, 9, 200, 'Contabilidad', 8, NULL, NULL, 1, 2, 1, '2021-11-25 22:40:00', '2021-11-25 22:40:00'),
(9, 9, 201, 'Administración II. Estructura administrativas', 6, NULL, NULL, 1, 2, 1, '2021-11-25 22:41:30', '2021-11-25 22:41:30'),
(10, 9, 202, 'Informática II. Organización de archivos y estructura de datos', 12, NULL, NULL, 1, 2, 1, '2021-11-25 22:47:05', '2021-11-25 22:47:05'),
(12, 1119, 100, 'ADMINISTRACIÓN I. PROCESO ADMINISTRATIVO', 6, NULL, NULL, 1, 1, 1, '2021-12-22 16:46:25', '2021-12-22 16:46:25'),
(13, 1119, 101, 'COMUNICACIÓN ORAL Y ESCRITA', 6, NULL, NULL, 1, 1, 1, '2021-12-22 16:54:40', '2021-12-22 16:54:40'),
(14, 1119, 102, 'INFORMÁTICA I. INTRODUCCIÓN A LA INFORMÁTICA', 12, NULL, NULL, 1, 1, 1, '2021-12-22 16:54:40', '2021-12-22 16:54:40'),
(15, 1119, 104, 'TALLER DE COMPONENTES DE HARDWARE', 3, NULL, NULL, 1, 1, 1, '2021-12-22 16:54:40', '2021-12-22 16:54:40'),
(16, 1119, 105, 'ANÁLISIS Y DISEÑO DE ALGORITMOS', 8, NULL, NULL, 1, 1, 1, '2021-12-22 16:54:40', '2021-12-22 16:54:40'),
(17, 1119, 106, 'MATEMÁTICAS I. MATEMÁTICAS BÁSICAS', 8, NULL, 37, 1, 1, 1, '2021-12-22 16:54:40', '2021-12-22 16:54:40'),
(18, 1119, 107, 'PROGRAMACIÓN I. INTRODUCCIÓN A LA PROGRAMACIÓN Y AMBIENTES INTEGRADOS', 8, NULL, 23, 1, 1, 1, '2021-12-22 16:54:40', '2021-12-22 16:54:40'),
(20, 1119, 200, 'CONTABILIDAD', 8, NULL, NULL, 1, 2, 1, '2021-12-22 16:59:06', '2021-12-22 16:59:06'),
(21, 1119, 201, 'ADMINISTRACIÓN II. ESTRUCTURAS ADMINISTRATIVAS', 6, NULL, NULL, 1, 2, 1, '2021-12-22 17:02:58', '2021-12-22 17:02:58'),
(22, 1119, 202, 'INFORMÁTICA II. ORGANIZACIÓN DE ARCHIVOS Y ESTRUCTURA DE DATOS', 12, NULL, NULL, 1, 2, 1, '2021-12-22 17:02:58', '2021-12-22 17:02:58'),
(23, 1119, 203, 'PROGRAMACIÓN II. PROGRAMACIÓN AVANZADA', 8, 18, NULL, 1, 2, 1, '2021-12-22 17:02:58', '2021-12-22 17:02:58'),
(24, 1119, 204, 'ARQUITECTURA DE COMPUTADORAS', 8, NULL, NULL, 1, 2, 1, '2021-12-22 17:02:58', '2021-12-22 17:02:58'),
(25, 1119, 205, 'MATEMÁTICAS II. LÓGICA MATEMÁTICA', 8, NULL, NULL, 1, 2, 1, '2021-12-22 17:02:58', '2021-12-22 17:02:58'),
(26, 1119, 300, 'DERECHO INFORMÁTICO', 8, NULL, NULL, 1, 3, 1, '2021-12-22 17:07:22', '2021-12-22 17:07:22'),
(27, 1119, 301, 'METODOLOGÍA DE LA INVESTIGACIÓN', 8, NULL, 48, 1, 3, 1, '2021-12-22 17:07:22', '2021-12-22 17:07:22'),
(28, 1119, 302, 'INFORMÁTICA III. ANÁLISIS Y DISEÑO DE SISTEMAS I', 12, NULL, 34, 1, 3, 1, '2021-12-22 17:07:22', '2021-12-22 17:07:22'),
(29, 1119, 303, 'PROGRAMACIÓN III. PROGRAMACIÓN VISUAL', 8, NULL, NULL, 1, 3, 1, '2021-12-22 17:07:22', '2021-12-22 17:07:22'),
(30, 1119, 304, 'SISTEMAS OPERATIVOS', 8, NULL, NULL, 1, 3, 1, '2021-12-22 17:07:22', '2021-12-22 17:07:22'),
(31, 1119, 305, 'MATEMÁTICAS III. MATEMÁTICAS FINANCIERAS', 8, NULL, NULL, 1, 3, 1, '2021-12-22 17:07:22', '2021-12-22 17:07:22'),
(32, 1119, 400, 'CONTABILIDAD DE COSTOS', 8, NULL, NULL, 1, 4, 1, '2021-12-22 17:11:42', '2021-12-22 17:11:42'),
(33, 1119, 401, 'MERCADOTECNIA', 6, NULL, NULL, 1, 4, 1, '2021-12-22 17:11:42', '2021-12-22 17:11:42'),
(34, 1119, 402, 'INFORMÁTICA IV. ANÁLISIS Y DISEÑO DE SISTEMAS II', 12, 28, NULL, 1, 4, 1, '2021-12-22 17:11:42', '2021-12-22 17:11:42'),
(35, 1119, 403, 'PROGRAMACIÓN IV. PROGRAMACIÓN DE INTERFACES', 12, NULL, NULL, 1, 4, 1, '2021-12-22 17:11:42', '2021-12-22 17:11:42'),
(36, 1119, 404, 'REDES DE COMPUTADORAS I', 8, NULL, NULL, 1, 4, 1, '2021-12-22 17:11:42', '2021-12-22 17:11:42'),
(37, 1119, 405, 'MATEMÁTICAS IV. MATEMÁTICAS COMPUTACIONALES', 8, 17, NULL, 1, 4, 1, '2021-12-22 17:11:42', '2021-12-22 17:11:42'),
(38, 1119, 500, 'FINANZAS', 8, NULL, 42, 1, 5, 1, '2021-12-22 17:18:38', '2021-12-22 17:18:38'),
(39, 1119, 501, 'ADMINISTRACIÓN DE CENTROS DE CÓMPUTO', 8, NULL, NULL, 1, 5, 1, '2021-12-22 17:18:38', '2021-12-22 17:18:38'),
(40, 1119, 502, 'INFORMÁTICA V. INDUSTRIA DEL SOFTWARE', 12, NULL, NULL, 1, 5, 1, '2021-12-22 17:18:38', '2021-12-22 17:18:38'),
(41, 1119, 503, 'INTRODUCCIÓN A LAS BASES DE DATOS', 10, NULL, 45, 1, 5, 1, '2021-12-22 17:18:38', '2021-12-22 17:18:38'),
(42, 1119, 600, 'EVALUACIÓN DE PROYECTOS', 8, 38, NULL, 1, 6, 1, '2021-12-22 17:29:50', '2021-12-22 17:29:50'),
(43, 1119, 601, 'ECONOMÍA', 8, NULL, NULL, 1, 6, 1, '2021-12-22 18:43:45', '2021-12-22 18:43:45'),
(44, 1119, 602, 'INFORMÁTICA VI. TÓPICOS SELECTOS DE INFORMÁTICA', 12, NULL, NULL, 1, 6, 1, '2021-12-22 18:43:45', '2021-12-22 18:43:45'),
(45, 1119, 603, 'DESARROLLO DE APLICACIONES DE BASE DE DATOS', 10, 41, NULL, 1, 6, 1, '2021-12-22 20:15:41', '2021-12-22 20:15:41'),
(46, 1119, 604, 'REDES DE COMPUTADORAS II', 8, NULL, NULL, 1, 6, 1, '2021-12-22 20:15:41', '2021-12-22 20:15:41'),
(47, 1119, 700, 'ANÁLISIS Y TOMA DE DECISIONES', 6, NULL, NULL, 1, 7, 1, '2021-12-22 20:27:40', '2021-12-22 20:27:40'),
(48, 1119, 701, 'SEMINARIO DE INVESTIGACIÓN', 8, 27, NULL, 1, 7, 1, '2021-12-22 20:27:40', '2021-12-22 20:27:40'),
(49, 1119, 702, 'SEGURIDAD INFORMÁTICA', 8, NULL, NULL, 1, 7, 1, '2021-12-22 20:27:40', '2021-12-22 20:27:40'),
(50, 1119, 703, 'LABORATORIO DE SISTEMAS DE INFORMACIÓN', 8, NULL, NULL, 1, 7, 1, '2021-12-22 20:27:40', '2021-12-22 20:27:40'),
(51, 1119, 704, 'MATEMÁTICAS VI. INVESTIGACIÓN DE OPERACIONES', 8, NULL, NULL, 1, 7, 1, '2021-12-22 20:27:40', '2021-12-22 20:27:40'),
(52, 1119, 800, 'AUDITORÍA EN INFORMÁTICA', 8, NULL, NULL, 1, 8, 1, '2021-12-22 20:27:40', '2021-12-22 20:27:40'),
(53, 1119, 801, 'ÉTICA Y DESARROLLO PROFESIONAL', 6, NULL, NULL, 1, 8, 1, '2021-12-22 20:27:40', '2021-12-22 20:27:40'),
(54, 1119, 900, 'ADMINISTRACIÓN PÚBLICA Y POLÍTICA INFORMÁTICA', 6, NULL, NULL, 1, 9, 1, '2021-12-22 20:27:40', '2021-12-22 20:27:40'),
(55, 1119, 2001, 'SIMULACIÓN DE NEGOCIOS', 8, NULL, NULL, 2, 20, 1, '2021-12-22 21:55:33', '2021-12-22 21:55:33'),
(56, 1119, 2002, 'ANÁLISIS FINANCIEROS MATEMÁTICOS CON SISTEMAS ELECTRÓNICOS', 8, NULL, NULL, 2, 20, 1, '2021-12-22 21:55:33', '2021-12-22 21:55:33'),
(57, 1119, 2003, 'SISTEMAS INFORMÁTICOS APLICADOS A LA PRODUCCIÓN', 6, NULL, NULL, 2, 20, 1, '2021-12-22 22:14:56', '2021-12-22 22:14:56'),
(58, 1119, 2004, 'ANÁLISIS MATEMÁTICOS APLICADOS A LA ADMINISTRACIÓN', 8, NULL, NULL, 2, 20, 1, '2021-12-22 22:14:56', '2021-12-22 22:14:56'),
(59, 1119, 159, 'HABILIDADES DE LIDERAZGO ESTRATÉGICO', 8, NULL, NULL, 2, 20, 1, '2021-12-22 22:14:56', '2021-12-22 22:14:56'),
(60, 1119, 2006, 'ADMINISTRACIÓN INTERNACIONAL COMPARADA', 6, NULL, NULL, 2, 20, 1, '2021-12-22 22:14:56', '2021-12-22 22:14:56'),
(61, 1119, 2007, 'INTELIGENCIA DE NEGOCIOS', 6, NULL, NULL, 2, 20, 1, '2021-12-22 22:14:56', '2021-12-22 22:14:56'),
(62, 1119, 161, 'INGLÉS I', 8, NULL, NULL, 2, 20, 1, '2021-12-22 22:14:56', '2021-12-22 22:14:56'),
(63, 1119, 162, 'INGLÉS II', 8, NULL, NULL, 2, 20, 1, '2021-12-22 22:14:56', '2021-12-22 22:14:56'),
(64, 1119, 2010, 'COMERCIO EXTERIOR', 8, NULL, NULL, 2, 20, 1, '2021-12-22 22:14:56', '2021-12-22 22:14:56'),
(65, 1119, 1958, 'CONTABILIDADES ESPECIALES', 8, NULL, NULL, 2, 20, 1, '2021-12-22 22:14:56', '2021-12-22 22:14:56'),
(66, 1119, 160, 'HERRAMIENTAS DE CÓMPUTO AVANZADO', 8, NULL, NULL, 2, 20, 1, '2021-12-22 22:14:56', '2021-12-22 22:14:56'),
(67, 1119, 4001, 'SEMINARIO DE TITULACIÓN', 0, NULL, NULL, 3, 0, 2, '2021-12-22 22:31:50', '2021-12-22 22:31:50'),
(68, 1119, 3000, 'SEMINARIO DE DESARROLLO DE APLICACIONES WEB I', 8, NULL, 81, 3, 8, 1, '2021-12-22 23:03:29', '2021-12-22 23:03:29'),
(69, 1119, 3001, 'SEMINARIO DE BASES DE DATOS AVANZADAS', 8, 45, NULL, 3, 8, 1, '2021-12-22 23:03:29', '2021-12-22 23:03:29'),
(70, 1119, 3002, 'SEMINARIO DE COMERCIO ELECTRÓNICO', 8, NULL, 83, 3, 8, 1, '2021-12-22 23:03:29', '2021-12-22 23:03:29'),
(71, 1119, 3003, 'SEMINARIO DE ANÁLISIS Y EXTRACCIÓN DE CONOCIMIENTOS DE BASES DE DATOS', 8, NULL, NULL, 3, 0, 1, '2021-12-22 23:03:29', '2021-12-22 23:03:29'),
(72, 1119, 3004, 'SEMINARIO DE INFERENCIA ESTADÍSTICA CON USO DE SOFTWARE', 8, NULL, NULL, 3, 0, 1, '2021-12-22 23:03:29', '2021-12-22 23:03:29'),
(73, 1119, 70, 'SEMINARIO DE MINERÍA DE DATOS', 8, NULL, NULL, 3, 0, 1, '2021-12-22 23:03:29', '2021-12-22 23:03:29'),
(74, 1119, 3006, 'SEMINARIO DE SISTEMAS INFORMÁTICOS PARA LA INTELIGENCIA DE NEGOCIOS', 8, NULL, NULL, 3, 0, 1, '2021-12-22 23:03:29', '2021-12-22 23:03:29'),
(75, 1119, 3007, 'SEMINARIO DE TÉCNICAS ESTADÍSTICAS AVANZADAS PARA LA TOMA DE DECISIONES I', 8, NULL, NULL, 3, 0, 1, '2021-12-22 23:03:29', '2021-12-22 23:03:29'),
(76, 1119, 3008, 'SEMINARIO DE ECUACIONES DIFERENCIALES I', 8, 17, 85, 3, 8, 1, '2021-12-22 23:03:29', '2021-12-22 23:03:29'),
(77, 1119, 3009, 'SEMINARIO DE REDES DE COMPUTADORAS I', 8, NULL, 86, 3, 8, 1, '2021-12-22 23:03:29', '2021-12-22 23:03:29'),
(78, 1119, 3, 'SEMINARIO DE SISTEMAS EXPERTOS I', 8, NULL, 87, 3, 8, 1, '2021-12-22 23:03:29', '2021-12-22 23:03:29'),
(79, 1119, 3010, 'SEMINARIO DE INTELIGENCIA ARTIFICIAL I', 8, NULL, 88, 3, 8, 1, '2021-12-22 23:03:29', '2021-12-22 23:03:29'),
(80, 1119, 3011, 'SEMINARIO DE GRAFICACIÓN POR COMPUTADORA I', 8, NULL, 89, 3, 8, 1, '2021-12-22 23:03:29', '2021-12-22 23:03:29'),
(81, 1119, 3012, 'SEMINARIO DE DESARROLLO DE APLICACIONES WEB II', 8, 68, NULL, 3, 9, 1, '2021-12-22 23:03:29', '2021-12-22 23:03:29'),
(82, 1119, 3013, 'SEMINARIO DE DESARROLLO DE APLICACIONES PARA DISPOSITIVOS MÓVILES', 8, NULL, NULL, 3, 0, 1, '2021-12-22 23:03:29', '2021-12-22 23:03:29'),
(83, 1119, 3014, 'SEMINARIO DE ADMINISTRACIÓN DE SERVICIOS DE TI', 8, NULL, NULL, 3, 0, 1, '2021-12-22 23:03:29', '2021-12-22 23:03:29'),
(84, 1119, 3015, 'SEMINARIO DE TÉCNICAS ESTADÍSTICAS AVANZADAS PARA LA TOMA DE DECISIONES II', 8, 75, NULL, 3, 9, 1, '2021-12-22 23:03:29', '2021-12-22 23:03:29'),
(85, 1119, 3016, 'SEMINARIO DE ECUACIONES DIFERENCIALES II', 8, 76, NULL, 3, 9, 1, '2021-12-22 23:03:29', '2021-12-22 23:03:29'),
(86, 1119, 3017, 'SEMINARIO DE REDES DE COMPUTADORAS II', 8, 77, NULL, 3, 9, 1, '2021-12-22 23:03:29', '2021-12-22 23:03:29'),
(87, 1119, 3018, 'SEMINARIO DE SISTEMAS EXPERTOS II', 8, 78, NULL, 3, 9, 1, '2021-12-22 23:03:29', '2021-12-22 23:03:29'),
(88, 1119, 3019, 'SEMINARIO DE INTELIGENCIA ARTIFICIAL II', 8, 79, NULL, 3, 9, 1, '2021-12-22 23:03:29', '2021-12-22 23:03:29'),
(89, 1119, 3020, 'SEMINARIO DE GRAFICACIÓN POR COMPUTADORA II', 8, 80, NULL, 3, 9, 1, '2021-12-22 23:03:29', '2021-12-22 23:03:29'),
(90, 1387, 1123, 'FUNDAMENTOS DE CONTABILIDAD', 10, NULL, NULL, 1, 1, 1, '2021-12-23 04:22:36', '2021-12-23 04:22:36'),
(91, 1316, 1137, 'ÁLGEBRA', 8, NULL, NULL, 1, 1, 1, '2021-12-23 04:42:11', '2021-12-23 04:42:11'),
(92, 1318, 1115, 'CONTABILIDAD BÁSICA', 12, NULL, NULL, 1, 1, 1, '2021-12-23 04:42:11', '2021-12-23 04:42:11'),
(93, 1092, 150, 'ARTE ANTIGUO', 6, NULL, NULL, 1, 1, 1, '2021-12-23 04:42:11', '2021-12-23 04:42:11'),
(94, 1608, 155, 'TEORIA DE LA IMAGEN I', 4, NULL, NULL, 1, 1, 1, '2021-12-23 04:42:11', '2021-12-23 04:42:11'),
(95, 1317, 1146, 'CÁLCULO DIFERENCIAL E INTEGRAL', 8, NULL, NULL, 1, 1, 1, '2021-12-23 04:42:11', '2021-12-23 04:42:11'),
(96, 1140, 1110, 'AGROMETEOROLOGÍA', 8, NULL, NULL, 1, 1, 1, '2021-12-23 04:42:11', '2021-12-23 04:42:11'),
(97, 1136, 1132, 'CIENCIAS DEL COMPORTAMIENTO HUMANO', 6, NULL, NULL, 1, 1, 1, '2021-12-23 04:42:11', '2021-12-23 04:42:11'),
(98, 1543, 1104, 'CÁLCULO DIFERENCIAL E INTEGRAL', 8, NULL, NULL, 1, 1, 1, '2021-12-23 04:42:11', '2021-12-23 04:42:11'),
(99, 1549, 1103, 'ÁLGEBRA', 8, NULL, NULL, 1, 1, 1, '2021-12-23 04:42:11', '2021-12-23 04:42:11'),
(100, 1498, 1105, 'COMPUTACIÓN PARA INGENIERÍA', 8, NULL, NULL, 1, 1, 1, '2021-12-23 04:42:11', '2021-12-23 04:42:11'),
(101, 1118, 1123, 'MECÁNICA I', 6, NULL, NULL, 1, 1, 1, '2021-12-23 04:42:11', '2021-12-23 04:42:11'),
(102, 1506, 1105, 'FISIOQUÍMICA FISIOLÓGICA', 4, NULL, NULL, 1, 1, 1, '2021-12-23 04:42:11', '2021-12-23 04:42:11'),
(103, 1122, 1115, 'MATEMÁTICAS II', 8, NULL, NULL, 1, 1, 1, '2021-12-23 04:42:11', '2021-12-23 04:42:11'),
(104, 1600, 1151, 'ÁLGEBRA', 8, NULL, NULL, 1, 1, 1, '2021-12-23 04:42:11', '2021-12-23 04:42:11'),
(105, 1119, 25, 'COMUNICACIONES', 8, NULL, NULL, 2, 20, 1, '2021-12-25 19:44:06', '2021-12-25 19:44:06'),
(106, 1119, 31, 'AUDITORIA BÁSICA', 12, NULL, NULL, 2, 20, 1, '2021-12-25 19:44:06', '2021-12-25 19:44:06'),
(107, 1119, 1, 'SEMINARIO DE MULTIMEDIA I', 8, NULL, NULL, 3, 8, 1, '2021-12-25 21:41:59', '2021-12-25 21:41:59'),
(108, 1119, 9, 'SEMINARIO DE PROGRAMACIÓN EN INTERNET I\r\n', 8, NULL, NULL, 3, 8, 1, '2021-12-25 22:47:59', '2021-12-25 22:47:59'),
(109, 1119, 8, 'SEMINARIO DE ADMINISTRACIÓN DE RECURSOS HUMANOS EN INFORMÁTICA I', 8, NULL, NULL, 3, 8, 1, '2021-12-25 22:53:37', '2021-12-25 22:53:37'),
(110, 1119, 5, 'SEMINARIO DE SISTEMAS OPERATIVOS PARA REDES I', 8, 1, NULL, 3, 8, 1, '2021-12-25 22:59:20', '2021-12-25 22:59:20'),
(111, 1119, 504, 'MATEMÁTICAS V. ESTADÍSTICA ', 10, 37, NULL, 1, 5, 1, '2021-12-31 04:19:53', '2021-12-31 04:19:53'),
(112, 1600, 1253, 'ELECTRICIDAD Y MAGNETISMO', 8, NULL, NULL, 1, 2, 1, '2021-12-31 05:31:25', '2021-12-31 05:31:25');

-- --------------------------------------------------------

--
-- Estructura de tabla para la tabla `carrera`
--

CREATE TABLE `carrera` (
  `id_carrera` int(5) NOT NULL,
  `clave` int(4) NOT NULL,
  `nombre` varchar(70) NOT NULL,
  `created_at` timestamp NOT NULL DEFAULT current_timestamp(),
  `updated_at` timestamp NOT NULL DEFAULT current_timestamp(),
  `id_area_fk` int(2) NOT NULL
) ENGINE=InnoDB DEFAULT CHARSET=utf8mb4 ROW_FORMAT=COMPACT;

--
-- Volcado de datos para la tabla `carrera`
--

INSERT INTO `carrera` (`id_carrera`, `clave`, `nombre`, `created_at`, `updated_at`, `id_area_fk`) VALUES
(8, 105, 'Diseño industrial', '2021-11-25 16:26:36', '2021-11-25 16:26:36', 1),
(9, 301, 'Administración', '2021-11-25 16:28:28', '2021-11-25 16:28:28', 3),
(10, 304, 'Contaduría', '2021-11-25 16:28:28', '2021-11-25 16:28:28', 3),
(11, 308, 'Informática', '2021-11-25 16:28:50', '2021-11-25 16:28:50', 3),
(12, 211, 'Química', '2021-12-21 12:24:45', '2021-12-21 12:24:45', 2),
(13, 214, 'Química industrial', '2021-12-21 12:32:42', '2021-12-21 12:32:42', 2),
(14, 218, 'Bioquímica diagnóstica', '2021-12-21 12:34:15', '2021-12-21 12:34:15', 2),
(15, 219, 'Farmacia', '2021-12-21 12:35:07', '2021-12-21 12:35:07', 2),
(16, 205, 'Ingeniería en alimentos', '2021-12-21 12:36:20', '2021-12-21 12:36:20', 2),
(17, 207, 'Medicina Veterinaria y Zootecnia ', '2021-12-21 12:37:39', '2021-12-21 12:37:39', 2),
(18, 204, 'Ingeniería agrícola ', '2021-12-21 12:44:30', '2021-12-21 12:44:30', 2),
(19, 116, 'Ingeniería mecánica eléctrica', '2021-12-21 12:51:17', '2021-12-21 12:51:17', 1),
(20, 118, 'Ingeniería química ', '2021-12-21 12:52:11', '2021-12-21 12:52:11', 1),
(21, 126, 'Tecnología', '2021-12-21 12:52:46', '2021-12-21 12:52:46', 1),
(22, 114, 'Ingeniería industrial', '2021-12-21 12:53:36', '2021-12-21 12:53:36', 1),
(23, 130, 'Ingeniería en telecomunicaciones, sistemas y electrónica', '2021-12-21 12:54:28', '2021-12-21 12:54:28', 1),
(24, 423, 'Diseño y comunicación visual', '2021-12-21 12:55:27', '2021-12-21 12:55:27', 1);

-- --------------------------------------------------------

--
-- Estructura de tabla para la tabla `departamentos`
--

CREATE TABLE `departamentos` (
  `id_departamento` varchar(15) NOT NULL,
  `nombre` varchar(50) NOT NULL,
  `id_plantel_fk` int(5) NOT NULL,
  `estatus` int(2) NOT NULL
) ENGINE=InnoDB DEFAULT CHARSET=utf8mb4;

--
-- Volcado de datos para la tabla `departamentos`
--

INSERT INTO `departamentos` (`id_departamento`, `nombre`, `id_plantel_fk`, `estatus`) VALUES
('00000102', 'PROFESOR POR ASIGNATURA', 102, 1),
('00000105', 'PROFESOR POR ASIGNATURA', 105, 1),
('00000106', 'PROFESOR POR ASIGNATURA', 106, 1),
('00000111', 'PROFESOR POR ASIGNATURA', 111, 1),
('00000116', 'PROFESOR POR ASIGNATURA', 116, 1),
('00000118', 'PROFESOR POR ASIGNATURA', 118, 1),
('00000195', 'PROFESOR POR ASIGNATURA', 195, 1),
('0101MATEMATICAS', 'MATEMÁTICAS', 111, 1),
('0102INGENYT', 'INGENIERÍA Y TECNOLOGÍA', 195, 1),
('0102MATE', 'MATEMÁTICAS', 105, 2),
('0103INGENIERIA', 'INGENIERÍA', 111, 1),
('0104FISICA', 'FISICA', 111, 1),
('0201CQUIMICAS', 'CIENCIAS QUÍMICAS', 105, 1),
('0202CPECUARIAS', 'CIENCIAS PECUARIAS', 116, 1),
('0203CBIOLOGICAS', 'CIENCIAS BIOLOGICAS', 111, 1),
('0204CAGRICOLAS', 'CIENCIAS AGRÍCOLAS', 118, 1),
('0301CSOCIALES', 'CIENCIAS SOCIALES', 106, 1),
('0302CADMINISTRA', 'CIENCIAS ADMINISTRATIVAS', 106, 1),
('0303COMPUTO', 'CÓMPUTO E INFORMÁTICA', 106, 1),
('0401DISEÑOCOM', 'DISEÑO Y COMUNICACIÓN VISUAL', 102, 1);

-- --------------------------------------------------------

--
-- Estructura de tabla para la tabla `dosificacion`
--

CREATE TABLE `dosificacion` (
  `id_usuarioalumno_fk` int(100) NOT NULL,
  `id_periodo_fk` int(100) NOT NULL,
  `fecha_inscripcion` date DEFAULT NULL,
  `hora_inscripcion` time DEFAULT NULL,
  `fecha_alta_baja` date DEFAULT NULL,
  `hora_altas_bajas` time DEFAULT NULL,
  `updated_at` timestamp NOT NULL DEFAULT current_timestamp(),
  `created_at` timestamp NOT NULL DEFAULT current_timestamp()
) ENGINE=InnoDB DEFAULT CHARSET=utf8mb4 ROW_FORMAT=COMPACT;

--
-- Volcado de datos para la tabla `dosificacion`
--

INSERT INTO `dosificacion` (`id_usuarioalumno_fk`, `id_periodo_fk`, `fecha_inscripcion`, `hora_inscripcion`, `fecha_alta_baja`, `hora_altas_bajas`, `updated_at`, `created_at`) VALUES
(1, 1, '2021-08-27', '10:00:00', '2021-09-10', '12:49:09', '2021-11-26 00:11:14', '2021-11-26 00:11:14'),
(2, 1, '2021-08-27', '10:00:00', '2021-09-10', '12:49:09', '2021-11-26 00:12:26', '2021-11-26 00:12:26'),
(2, 9, '2021-09-01', '08:10:00', '2021-09-01', '12:49:09', '2021-12-27 19:37:41', '2021-12-27 19:37:41'),
(3, 1, '2021-08-27', '10:00:00', '2021-09-10', '12:49:09', '2021-11-26 00:12:34', '2021-11-26 00:12:34'),
(3, 9, '2021-09-01', '08:20:00', '2021-09-08', '12:49:09', '2021-12-27 21:34:31', '2021-12-27 21:34:31'),
(4, 1, '2021-08-27', '10:00:00', '2021-09-10', '12:49:09', '2021-11-26 00:12:39', '2021-11-26 00:12:39'),
(4, 7, '2020-08-07', '16:10:00', '2020-08-21', '12:49:09', '2021-12-27 21:34:31', '2021-12-27 21:34:31'),
(4, 9, '2021-09-01', '15:20:00', '2021-09-08', '12:49:09', '2021-12-27 21:34:31', '2021-12-27 21:34:31'),
(5, 1, '2021-08-27', '10:00:00', '2021-09-10', '12:49:09', '2021-11-26 00:12:46', '2021-11-26 00:12:46'),
(5, 9, '2021-09-01', '08:10:00', '2021-09-01', '12:49:09', '2021-12-27 19:38:56', '2021-12-27 19:38:56'),
(6, 1, '2021-08-27', '10:00:00', '2021-09-10', '12:49:09', '2021-11-26 00:12:52', '2021-11-26 00:12:52'),
(6, 9, '2021-09-01', '08:10:00', '2021-09-01', '12:49:09', '2021-12-27 19:38:56', '2021-12-27 19:38:56'),
(8, 1, '2021-08-27', '10:00:00', '2021-09-10', '12:49:09', '2021-11-26 00:13:40', '2021-11-26 00:13:40'),
(8, 9, '2021-09-01', '08:20:00', '2021-09-08', '12:49:09', '2021-12-27 21:34:31', '2021-12-27 21:34:31'),
(12, 9, '2021-09-01', '09:10:00', '2021-09-08', '12:49:09', '2021-12-27 21:34:31', '2021-12-27 21:34:31'),
(13, 9, '2021-09-01', '09:10:00', '2021-09-08', '12:49:09', '2021-12-27 21:34:31', '2021-12-27 21:34:31'),
(14, 9, '2021-09-01', '09:10:00', '2021-09-08', '12:49:09', '2021-12-27 21:34:31', '2021-12-27 21:34:31'),
(17, 7, '2020-08-07', '09:10:00', '2021-08-21', '12:49:09', '2021-12-27 21:34:31', '2021-12-27 21:34:31'),
(17, 8, '2021-01-22', '09:50:00', '2021-01-29', '12:49:09', '2021-12-27 21:34:31', '2021-12-27 21:34:31'),
(17, 9, '2021-09-01', '10:20:00', '2021-09-08', '12:49:09', '2021-12-27 21:34:31', '2021-12-27 21:34:31'),
(18, 9, '2021-09-01', '09:10:00', '2021-09-08', '12:49:09', '2021-12-27 21:34:31', '2021-12-27 21:34:31'),
(19, 9, '2021-09-01', '08:10:00', '2021-09-01', '12:49:09', '2021-12-27 19:38:56', '2021-12-27 19:38:56'),
(20, 9, '2021-09-01', '08:10:00', '2021-09-01', '12:49:09', '2021-12-27 19:38:56', '2021-12-27 19:38:56'),
(21, 9, '2021-09-01', '11:40:00', '2021-09-08', '12:49:09', '2021-12-27 21:34:31', '2021-12-27 21:34:31'),
(22, 7, '2020-08-07', '09:10:00', '2021-08-21', '12:49:09', '2021-12-27 21:34:31', '2021-12-27 21:34:31'),
(22, 8, '2021-01-22', '09:50:00', '2021-01-29', '12:49:09', '2021-12-27 21:34:31', '2021-12-27 21:34:31'),
(22, 9, '2021-09-01', '10:20:00', '2021-09-08', '12:49:09', '2021-12-27 21:34:31', '2021-12-27 21:34:31'),
(23, 7, '2020-08-07', '09:10:00', '2021-08-21', '12:49:09', '2021-12-27 21:34:31', '2021-12-27 21:34:31'),
(23, 8, '2021-01-22', '09:50:00', '2021-01-29', '12:49:09', '2021-12-27 21:34:31', '2021-12-27 21:34:31'),
(23, 9, '2021-09-01', '10:20:00', '2021-09-08', '12:49:09', '2021-12-27 21:34:31', '2021-12-27 21:34:31'),
(24, 7, '2020-08-07', '09:10:00', '2021-08-21', '12:49:09', '2021-12-27 21:34:31', '2021-12-27 21:34:31'),
(24, 8, '2021-01-22', '09:50:00', '2021-01-29', '12:49:09', '2021-12-27 21:34:31', '2021-12-27 21:34:31'),
(24, 9, '2021-09-01', '10:20:00', '2021-09-08', '12:49:09', '2021-12-27 21:34:31', '2021-12-27 21:34:31'),
(25, 7, '2020-08-07', '09:10:00', '2021-08-21', '12:49:09', '2021-12-27 21:34:31', '2021-12-27 21:34:31'),
(25, 8, '2021-01-22', '09:50:00', '2021-01-29', '12:49:09', '2021-12-27 21:34:31', '2021-12-27 21:34:31'),
(25, 9, '2021-09-01', '10:20:00', '2021-09-08', '12:49:09', '2021-12-27 21:34:31', '2021-12-27 21:34:31'),
(26, 9, '2021-09-01', '09:10:00', '2021-09-08', '12:49:09', '2021-12-27 21:34:31', '2021-12-27 21:34:31'),
(27, 9, '2021-09-01', '08:20:00', '2021-09-08', '12:49:09', '2021-12-27 21:34:31', '2021-12-27 21:34:31'),
(28, 9, '2021-09-01', '11:40:00', '2021-09-08', '12:49:09', '2021-12-27 21:34:31', '2021-12-27 21:34:31'),
(30, 9, '2021-09-01', '08:20:00', '2021-09-08', '12:49:09', '2021-12-27 21:34:31', '2021-12-27 21:34:31'),
(46, 9, '2021-09-01', '08:10:00', '2021-09-01', '12:49:09', '2021-12-27 19:38:56', '2021-12-27 19:38:56'),
(48, 9, '2021-09-01', '08:10:00', '2021-09-01', '12:49:09', '2021-12-27 19:38:56', '2021-12-27 19:38:56'),
(49, 8, '2021-08-06', '08:20:00', '0000-00-00', '12:49:09', '2021-12-27 19:41:22', '2021-12-27 19:41:22'),
(50, 9, '2021-09-01', '08:20:00', '2021-09-08', '12:49:09', '2021-12-27 21:34:31', '2021-12-27 21:34:31'),
(51, 9, '2021-09-01', '09:10:00', '2021-09-08', '12:49:09', '2021-12-27 21:34:31', '2021-12-27 21:34:31'),
(52, 9, '2021-09-01', '09:10:00', '2021-09-08', '12:49:09', '2021-12-27 21:34:31', '2021-12-27 21:34:31'),
(53, 7, '2020-08-07', '09:10:00', '2021-08-21', '12:49:09', '2021-12-27 21:34:31', '2021-12-27 21:34:31'),
(53, 8, '2021-01-22', '09:50:00', '2021-01-29', '12:49:09', '2021-12-27 21:34:31', '2021-12-27 21:34:31'),
(53, 9, '2021-09-01', '10:20:00', '2021-09-08', '12:49:09', '2021-12-27 21:34:31', '2021-12-27 21:34:31'),
(54, 7, '2020-08-07', '09:10:00', '2021-08-21', '12:49:09', '2021-12-27 21:34:31', '2021-12-27 21:34:31'),
(54, 8, '2021-01-22', '09:50:00', '2021-01-29', '12:49:09', '2021-12-27 21:34:31', '2021-12-27 21:34:31'),
(54, 9, '2021-09-01', '10:20:00', '2021-09-08', '12:49:09', '2021-12-27 21:34:31', '2021-12-27 21:34:31'),
(55, 9, '2021-09-01', '08:20:00', '2021-09-08', '12:49:09', '2021-12-27 21:34:31', '2021-12-27 21:34:31'),
(56, 7, '2020-08-07', '10:20:00', '2021-08-21', '12:49:09', '2021-12-27 21:34:31', '2021-12-27 21:34:31'),
(56, 8, '2021-01-22', '11:00:00', '2021-01-29', '12:49:09', '2021-12-27 21:34:31', '2021-12-27 21:34:31'),
(56, 9, '2021-09-01', '11:40:00', '2021-09-08', '12:49:09', '2021-12-27 21:34:31', '2021-12-27 21:34:31');

-- --------------------------------------------------------

--
-- Estructura de tabla para la tabla `edificio`
--

CREATE TABLE `edificio` (
  `id_edificio` int(5) NOT NULL,
  `id_plantel_fk` int(5) NOT NULL,
  `clave` varchar(50) NOT NULL,
  `pisos` varchar(2) NOT NULL,
  `updated_at` timestamp NOT NULL DEFAULT current_timestamp(),
  `created_at` timestamp NOT NULL DEFAULT current_timestamp()
) ENGINE=InnoDB DEFAULT CHARSET=utf8mb4;

--
-- Volcado de datos para la tabla `edificio`
--

INSERT INTO `edificio` (`id_edificio`, `id_plantel_fk`, `clave`, `pisos`, `updated_at`, `created_at`) VALUES
(1, 106, 'A10', '2', '2021-11-25 21:17:06', '2021-11-25 21:17:06'),
(2, 106, 'A11', '2', '2021-11-25 21:17:06', '2021-11-25 21:17:06'),
(3, 106, 'A12', '2', '2021-11-25 21:17:31', '2021-11-25 21:17:31'),
(4, 106, 'A09', '2', '2021-11-25 21:18:01', '2021-11-25 21:18:01'),
(5, 106, 'A08', '2', '2021-11-25 21:18:01', '2021-11-25 21:18:01'),
(6, 106, 'A07', '2', '2021-11-25 21:18:32', '2021-11-25 21:18:32'),
(7, 106, 'A06', '2', '2021-11-25 21:18:32', '2021-11-25 21:18:32'),
(8, 106, 'A05', '2', '2021-11-25 21:19:21', '2021-11-25 21:19:21'),
(9, 106, 'A04', '2', '2021-11-25 21:19:21', '2021-11-25 21:19:21'),
(10, 106, 'A03', '2', '2021-11-25 21:19:35', '2021-11-25 21:19:35'),
(11, 106, 'A2', '2', '2021-12-27 21:48:55', '2021-12-27 21:48:55'),
(12, 106, 'Centro de Cómputo', '2', '2021-12-28 00:23:20', '2021-12-28 00:23:20');

-- --------------------------------------------------------

--
-- Estructura de tabla para la tabla `estudia`
--

CREATE TABLE `estudia` (
  `id_usuarioalumno_fk` int(10) NOT NULL,
  `id_plan_fk` int(10) NOT NULL,
  `anio` varchar(5) NOT NULL,
  `baja` double NOT NULL,
  `estatus` int(1) NOT NULL,
  `turno` int(1) NOT NULL,
  `semestre` int(2) NOT NULL,
  `created_at` timestamp NOT NULL DEFAULT current_timestamp(),
  `updated_at` timestamp NOT NULL DEFAULT current_timestamp()
) ENGINE=InnoDB DEFAULT CHARSET=utf8mb4;

--
-- Volcado de datos para la tabla `estudia`
--

INSERT INTO `estudia` (`id_usuarioalumno_fk`, `id_plan_fk`, `anio`, `baja`, `estatus`, `turno`, `semestre`, `created_at`, `updated_at`) VALUES
(1, 9, '2008', 1, 1, 1, 1, '2021-12-02 05:19:26', '2021-12-02 05:19:26'),
(2, 1119, '2022', 0, 1, 1, 1, '2021-12-02 05:19:26', '2021-12-02 05:19:26'),
(2, 1316, '2009', 1, 4, 1, 1, '2022-01-01 18:36:25', '2022-01-01 18:36:25'),
(3, 1119, '2021', 1, 3, 1, 3, '2021-12-02 05:20:07', '2021-12-02 05:20:07'),
(4, 1119, '2021', 1, 3, 2, 3, '2021-12-02 05:20:07', '2021-12-02 05:20:07'),
(5, 1119, '2022', 0, 1, 1, 1, '2021-12-02 05:20:39', '2021-12-02 05:20:39'),
(6, 1119, '2022', 0, 1, 2, 1, '2021-12-02 05:20:39', '2021-12-02 05:20:39'),
(8, 9, '2021', 1, 2, 1, 1, '2021-12-02 05:35:52', '2021-12-02 05:35:52'),
(8, 1119, '2019', 0, 1, 1, 3, '2021-12-02 05:20:57', '2021-12-02 05:20:57'),
(11, 1118, '2019', 0, 1, 1, 2, '2021-12-06 17:48:30', '2021-12-06 17:48:30'),
(12, 1119, '2020', 0, 1, 1, 5, '2021-11-26 03:30:11', '2021-11-26 03:30:11'),
(13, 1119, '2020', 0, 1, 1, 5, '2021-11-26 03:30:11', '2021-11-26 03:30:11'),
(14, 1119, '2020', 0, 1, 1, 5, '2021-11-26 03:30:11', '2021-11-26 03:30:11'),
(15, 1318, '2021', 0, 1, 2, 3, '2021-11-26 03:30:11', '2021-11-26 03:30:11'),
(16, 1600, '2019', 1, 1, 1, 6, '2021-11-26 03:30:11', '2021-11-26 03:30:11'),
(17, 1119, '2019', 0, 1, 1, 7, '2021-11-26 03:30:11', '2021-11-26 03:30:11'),
(17, 1600, '2022', 0, 1, 2, 2, '2021-11-26 03:30:11', '2021-11-26 03:30:11'),
(18, 1119, '2020', 0, 1, 1, 5, '2021-11-26 03:30:11', '2021-11-26 03:30:11'),
(19, 1119, '2022', 0, 1, 2, 1, '2021-11-26 03:30:11', '2021-11-26 03:30:11'),
(20, 1119, '2022', 0, 1, 2, 1, '2021-11-26 03:30:11', '2021-11-26 03:30:11'),
(21, 1119, '2018', 0, 1, 1, 9, '2021-11-26 03:30:11', '2021-11-26 03:30:11'),
(22, 1119, '2019', 0, 1, 1, 7, '2021-11-26 03:30:11', '2021-11-26 03:30:11'),
(23, 1119, '2019', 0, 1, 2, 7, '2021-11-26 03:30:11', '2021-11-26 03:30:11'),
(24, 1119, '2019', 1, 1, 1, 7, '2021-11-26 03:30:11', '2021-11-26 03:30:11'),
(25, 1119, '2019', 0.5, 2, 1, 7, '2021-11-26 03:30:11', '2021-11-26 03:30:11'),
(26, 1119, '2020', 1, 1, 2, 5, '2021-11-26 03:30:11', '2021-11-26 03:30:11'),
(27, 1119, '2021', 1, 1, 1, 3, '2021-11-26 03:30:11', '2021-11-26 03:30:11'),
(28, 1119, '2018', 0, 5, 1, 9, '2021-11-26 03:30:11', '2021-11-26 03:30:11'),
(29, 1498, '2021', 0, 1, 1, 1, '2021-11-26 03:30:11', '2021-11-26 03:30:11'),
(30, 1119, '2021', 0, 1, 2, 3, '2021-11-26 03:30:11', '2021-11-26 03:30:11'),
(32, 1122, '2021', 0, 1, 1, 1, '2021-12-23 00:29:29', '2021-12-23 00:29:29'),
(33, 1600, '2021', 0, 1, 1, 1, '2021-12-23 00:36:00', '2021-12-23 00:36:00'),
(34, 1316, '2021', 0, 1, 1, 1, '2021-12-23 00:36:00', '2021-12-23 00:36:00'),
(35, 1317, '2021', 0, 1, 1, 1, '2021-12-23 00:36:00', '2021-12-23 00:36:00'),
(36, 1136, '2021', 0, 1, 1, 1, '2021-12-23 00:36:00', '2021-12-23 00:36:00'),
(37, 1505, '2021', 0, 1, 1, 1, '2021-12-23 00:36:00', '2021-12-23 00:36:00'),
(38, 1506, '2021', 0, 1, 1, 1, '2021-12-23 00:36:00', '2021-12-23 00:36:00'),
(39, 1140, '2021', 0, 1, 1, 1, '2021-12-23 00:36:00', '2021-12-23 00:36:00'),
(40, 1498, '2021', 0, 1, 1, 1, '2021-12-23 00:36:00', '2021-12-23 00:36:00'),
(41, 1118, '2021', 0, 1, 1, 1, '2021-12-23 00:36:00', '2021-12-23 00:36:00'),
(42, 1549, '2021', 0, 1, 1, 1, '2021-12-23 00:36:00', '2021-12-23 00:36:00'),
(43, 1543, '2021', 0, 1, 1, 1, '2021-12-23 00:36:00', '2021-12-23 00:36:00'),
(44, 1318, '2021', 0, 1, 1, 1, '2021-12-23 00:36:00', '2021-12-23 00:36:00'),
(45, 1387, '2021', 0, 1, 1, 1, '2021-12-23 00:36:00', '2021-12-23 00:36:00'),
(46, 1119, '2022', 0, 1, 1, 1, '2021-12-23 00:36:00', '2021-12-23 00:36:00'),
(47, 1608, '2021', 0, 1, 1, 1, '2021-12-23 00:36:00', '2021-12-23 00:36:00'),
(48, 1092, '2022', 0, 1, 1, 1, '2021-12-23 00:36:00', '2021-12-23 00:36:00'),
(48, 1119, '2021', 0, 1, 1, 1, '2021-12-23 00:46:26', '2021-12-23 00:46:26'),
(49, 1119, '2021', 0, 2, 1, 2, '2021-12-23 00:51:06', '2021-12-23 00:51:06'),
(50, 1119, '2021', 0, 1, 1, 3, '2021-12-23 00:51:06', '2021-12-23 00:51:06'),
(51, 1119, '2020', 0, 1, 2, 5, '2021-12-23 00:51:06', '2021-12-23 00:51:06'),
(52, 1119, '2020', 0, 1, 1, 5, '2021-12-23 00:51:06', '2021-12-23 00:51:06'),
(53, 1119, '2019', 0, 1, 1, 7, '2021-12-23 00:51:06', '2021-12-23 00:51:06'),
(54, 1119, '2019', 0, 1, 1, 7, '2021-12-23 00:51:06', '2021-12-23 00:51:06'),
(55, 1119, '2021', 1, 4, 1, 3, '2021-12-23 00:51:06', '2021-12-23 00:51:06'),
(56, 1119, '2018', 0, 1, 1, 9, '2021-12-23 00:51:06', '2021-12-23 00:51:06');

-- --------------------------------------------------------

--
-- Estructura de tabla para la tabla `facultad`
--

CREATE TABLE `facultad` (
  `id_facultad` int(5) NOT NULL,
  `nombre_facultad` varchar(50) NOT NULL,
  `updated_at` timestamp NOT NULL DEFAULT current_timestamp(),
  `created_at` timestamp NOT NULL DEFAULT current_timestamp()
) ENGINE=InnoDB DEFAULT CHARSET=utf8mb4 ROW_FORMAT=COMPACT;

--
-- Volcado de datos para la tabla `facultad`
--

INSERT INTO `facultad` (`id_facultad`, `nombre_facultad`, `updated_at`, `created_at`) VALUES
(3, 'F.E.S. Cuautitlán', '2021-11-25 16:33:16', '2021-11-25 16:33:16');

-- --------------------------------------------------------

--
-- Estructura de tabla para la tabla `grupos`
--

CREATE TABLE `grupos` (
  `id_grupo` int(10) NOT NULL,
  `id_asignatura_fk` int(10) NOT NULL,
  `nombre_grupo` varchar(5) NOT NULL,
  `tipo` int(2) NOT NULL,
  `turno` int(2) NOT NULL,
  `estatus` int(2) NOT NULL,
  `updated_at` timestamp NOT NULL DEFAULT current_timestamp(),
  `created_at` timestamp NOT NULL DEFAULT current_timestamp()
) ENGINE=InnoDB DEFAULT CHARSET=utf8mb4;

--
-- Volcado de datos para la tabla `grupos`
--

INSERT INTO `grupos` (`id_grupo`, `id_asignatura_fk`, `nombre_grupo`, `tipo`, `turno`, `estatus`, `updated_at`, `created_at`) VALUES
(1, 1, '2201', 1, 1, 1, '2021-11-25 22:52:31', '2021-11-25 22:52:31'),
(2, 1, '1102', 1, 1, 1, '2021-11-25 22:52:31', '2021-11-25 22:52:31'),
(3, 1, '1103', 1, 1, 1, '2021-11-25 22:52:51', '2021-11-25 22:52:51'),
(4, 1, '1151', 1, 2, 2, '2021-11-25 22:52:51', '2021-11-25 22:52:51'),
(5, 1, '1152', 1, 2, 1, '2021-11-25 22:53:08', '2021-11-25 22:53:08'),
(6, 2, '1101', 1, 1, 1, '2021-11-25 22:53:08', '2021-11-25 22:53:08'),
(7, 2, '1102', 1, 1, 1, '2021-11-25 22:53:38', '2021-11-25 22:53:38'),
(8, 2, '1103', 1, 1, 2, '2021-11-25 22:53:38', '2021-11-25 22:53:38'),
(9, 2, '1151', 1, 2, 1, '2021-11-25 22:53:58', '2021-11-25 22:53:58'),
(10, 2, '1152', 1, 2, 1, '2021-11-25 22:53:58', '2021-11-25 22:53:58'),
(11, 3, '1101', 1, 1, 1, '2021-11-25 22:54:18', '2021-11-25 22:54:18'),
(12, 3, '1102', 1, 1, 2, '2021-11-25 22:54:18', '2021-11-25 22:54:18'),
(13, 3, '1103', 1, 1, 1, '2021-11-25 22:54:33', '2021-11-25 22:54:33'),
(14, 3, '1151', 1, 2, 1, '2021-11-25 22:54:33', '2021-11-25 22:54:33'),
(15, 3, '1152', 1, 2, 1, '2021-11-25 22:54:48', '2021-11-25 22:54:48'),
(16, 4, '1101', 1, 1, 1, '2021-11-25 22:54:48', '2021-11-25 22:54:48'),
(17, 4, '1102', 1, 1, 1, '2021-11-25 22:55:04', '2021-11-25 22:55:04'),
(18, 4, '1103', 1, 1, 1, '2021-11-25 22:55:04', '2021-11-25 22:55:04'),
(19, 4, '1151', 1, 2, 1, '2021-11-25 22:55:17', '2021-11-25 22:55:17'),
(20, 4, '1152', 1, 2, 1, '2021-11-25 22:55:17', '2021-11-25 22:55:17'),
(21, 5, '2201', 1, 1, 1, '2021-11-25 22:55:34', '2021-11-25 22:55:34'),
(22, 5, '1102', 1, 1, 1, '2021-11-25 22:55:34', '2021-11-25 22:55:34'),
(23, 5, '1103', 1, 1, 1, '2021-11-25 22:55:50', '2021-11-25 22:55:50'),
(24, 5, '1151', 1, 2, 1, '2021-11-25 22:55:50', '2021-11-25 22:55:50'),
(25, 5, '1152', 1, 2, 1, '2021-11-25 22:56:09', '2021-11-25 22:56:09'),
(26, 6, '1101', 1, 1, 1, '2021-11-25 22:56:09', '2021-11-25 22:56:09'),
(27, 6, '1102', 1, 1, 1, '2021-11-25 22:56:30', '2021-11-25 22:56:30'),
(28, 6, '1103', 1, 1, 1, '2021-11-25 22:56:30', '2021-11-25 22:56:30'),
(29, 6, '1151', 1, 2, 1, '2021-11-25 22:56:43', '2021-11-25 22:56:43'),
(30, 6, '1152', 1, 2, 1, '2021-11-25 22:56:43', '2021-11-25 22:56:43'),
(31, 7, '1101', 1, 1, 1, '2021-11-25 22:57:01', '2021-11-25 22:57:01'),
(32, 7, '1102', 1, 1, 1, '2021-11-25 22:57:01', '2021-11-25 22:57:01'),
(33, 7, '1103', 1, 1, 1, '2021-11-25 22:57:14', '2021-11-25 22:57:14'),
(34, 7, '1151', 1, 2, 1, '2021-11-25 22:57:14', '2021-11-25 22:57:14'),
(35, 7, '1152', 1, 2, 1, '2021-11-25 22:57:23', '2021-11-25 22:57:23'),
(36, 6, '1101', 1, 1, 1, '2021-12-11 16:50:05', '2021-12-11 16:50:05'),
(37, 6, '1102', 1, 1, 1, '2021-12-11 16:50:05', '2021-12-11 16:50:05'),
(38, 12, '1101', 1, 1, 1, '2021-12-23 21:29:19', '2021-12-23 21:29:19'),
(39, 12, '1102', 1, 1, 1, '2021-12-23 21:29:19', '2021-12-23 21:29:19'),
(40, 12, '1103', 1, 1, 1, '2021-12-23 21:32:13', '2021-12-23 21:32:13'),
(41, 12, '1151', 1, 2, 1, '2021-12-23 21:32:13', '2021-12-23 21:32:13'),
(42, 12, '1152', 1, 2, 1, '2021-12-23 21:32:13', '2021-12-23 21:32:13'),
(43, 13, '1101', 1, 1, 1, '2021-12-23 21:33:08', '2021-12-23 21:33:08'),
(44, 13, '1102', 1, 1, 1, '2021-12-23 21:33:08', '2021-12-23 21:33:08'),
(45, 13, '1103', 1, 1, 1, '2021-12-23 21:33:08', '2021-12-23 21:33:08'),
(46, 13, '1151', 1, 2, 1, '2021-12-23 21:33:08', '2021-12-23 21:33:08'),
(47, 13, '1152', 1, 2, 1, '2021-12-23 21:33:08', '2021-12-23 21:33:08'),
(48, 15, '1101', 1, 1, 1, '2021-12-23 21:33:46', '2021-12-23 21:33:46'),
(49, 15, '1102', 1, 1, 1, '2021-12-23 21:33:46', '2021-12-23 21:33:46'),
(50, 15, '1103', 1, 1, 1, '2021-12-23 21:33:46', '2021-12-23 21:33:46'),
(51, 15, '1151', 1, 2, 1, '2021-12-23 21:33:46', '2021-12-23 21:33:46'),
(52, 15, '1152', 1, 2, 1, '2021-12-23 21:33:46', '2021-12-23 21:33:46'),
(53, 16, '1101', 1, 1, 1, '2021-12-23 21:34:50', '2021-12-23 21:34:50'),
(54, 16, '1102', 1, 1, 1, '2021-12-23 21:34:50', '2021-12-23 21:34:50'),
(55, 16, '1103', 1, 1, 1, '2021-12-23 21:34:50', '2021-12-23 21:34:50'),
(56, 16, '1151', 1, 2, 1, '2021-12-23 21:34:50', '2021-12-23 21:34:50'),
(57, 16, '1152', 1, 2, 1, '2021-12-23 21:34:50', '2021-12-23 21:34:50'),
(58, 17, '1101', 1, 1, 1, '2021-12-23 21:37:15', '2021-12-23 21:37:15'),
(59, 17, '1102', 1, 1, 1, '2021-12-23 21:37:15', '2021-12-23 21:37:15'),
(60, 17, '1103', 1, 1, 1, '2021-12-23 21:37:15', '2021-12-23 21:37:15'),
(61, 17, '1151', 1, 2, 1, '2021-12-23 21:37:15', '2021-12-23 21:37:15'),
(62, 17, '1152', 1, 2, 1, '2021-12-23 21:37:15', '2021-12-23 21:37:15'),
(63, 18, '1101', 1, 1, 1, '2021-12-23 21:38:04', '2021-12-23 21:38:04'),
(64, 18, '1102', 1, 1, 1, '2021-12-23 21:38:04', '2021-12-23 21:38:04'),
(65, 18, '1103', 1, 1, 1, '2021-12-23 21:38:04', '2021-12-23 21:38:04'),
(66, 18, '1151', 1, 2, 1, '2021-12-23 21:38:04', '2021-12-23 21:38:04'),
(67, 18, '1152', 1, 2, 1, '2021-12-23 21:38:04', '2021-12-23 21:38:04'),
(68, 20, '2201', 1, 1, 1, '2021-12-23 21:40:33', '2021-12-23 21:40:33'),
(69, 20, '2202', 1, 1, 1, '2021-12-23 21:40:33', '2021-12-23 21:40:33'),
(70, 20, '2203', 1, 1, 1, '2021-12-23 21:40:33', '2021-12-23 21:40:33'),
(71, 20, '2251', 1, 2, 1, '2021-12-23 21:40:33', '2021-12-23 21:40:33'),
(72, 20, '2252', 1, 2, 1, '2021-12-23 21:40:33', '2021-12-23 21:40:33'),
(73, 21, '2201', 1, 1, 1, '2021-12-23 21:41:15', '2021-12-23 21:41:15'),
(74, 21, '2202', 1, 1, 1, '2021-12-23 21:41:15', '2021-12-23 21:41:15'),
(75, 21, '2203', 1, 1, 1, '2021-12-23 21:41:15', '2021-12-23 21:41:15'),
(76, 21, '2251', 1, 2, 1, '2021-12-23 21:41:15', '2021-12-23 21:41:15'),
(77, 21, '2252', 1, 2, 1, '2021-12-23 21:41:15', '2021-12-23 21:41:15'),
(78, 22, '2201', 1, 1, 1, '2021-12-23 21:41:37', '2021-12-23 21:41:37'),
(79, 22, '2202', 1, 1, 1, '2021-12-23 21:41:37', '2021-12-23 21:41:37'),
(80, 22, '2203', 1, 1, 1, '2021-12-23 21:41:37', '2021-12-23 21:41:37'),
(81, 22, '2251', 1, 2, 1, '2021-12-23 21:41:37', '2021-12-23 21:41:37'),
(82, 22, '2252', 1, 2, 1, '2021-12-23 21:41:37', '2021-12-23 21:41:37'),
(83, 23, '2201', 1, 1, 1, '2021-12-23 21:42:00', '2021-12-23 21:42:00'),
(84, 23, '2202', 1, 1, 1, '2021-12-23 21:42:00', '2021-12-23 21:42:00'),
(85, 23, '2203', 1, 1, 1, '2021-12-23 21:42:00', '2021-12-23 21:42:00'),
(86, 23, '2251', 1, 2, 1, '2021-12-23 21:42:00', '2021-12-23 21:42:00'),
(87, 23, '2252', 1, 2, 1, '2021-12-23 21:42:00', '2021-12-23 21:42:00'),
(88, 24, '2201', 1, 1, 1, '2021-12-23 21:42:22', '2021-12-23 21:42:22'),
(89, 24, '2202', 1, 1, 1, '2021-12-23 21:42:22', '2021-12-23 21:42:22'),
(90, 24, '2203', 1, 1, 1, '2021-12-23 21:42:22', '2021-12-23 21:42:22'),
(91, 24, '2251', 1, 2, 1, '2021-12-23 21:42:22', '2021-12-23 21:42:22'),
(92, 24, '2252', 1, 2, 1, '2021-12-23 21:42:22', '2021-12-23 21:42:22'),
(93, 25, '2201', 1, 1, 1, '2021-12-23 21:42:48', '2021-12-23 21:42:48'),
(94, 25, '2202', 1, 1, 1, '2021-12-23 21:42:48', '2021-12-23 21:42:48'),
(95, 25, '2203', 1, 1, 1, '2021-12-23 21:42:48', '2021-12-23 21:42:48'),
(96, 25, '2251', 1, 2, 1, '2021-12-23 21:42:48', '2021-12-23 21:42:48'),
(97, 25, '2252', 1, 2, 1, '2021-12-23 21:42:48', '2021-12-23 21:42:48'),
(98, 26, '1301', 1, 1, 1, '2021-12-23 21:48:08', '2021-12-23 21:48:08'),
(99, 26, '1302', 1, 1, 1, '2021-12-23 21:48:08', '2021-12-23 21:48:08'),
(100, 26, '1303', 1, 1, 1, '2021-12-23 21:48:08', '2021-12-23 21:48:08'),
(101, 26, '1351', 1, 2, 1, '2021-12-23 21:48:08', '2021-12-23 21:48:08'),
(102, 26, '1352', 1, 2, 1, '2021-12-23 21:48:08', '2021-12-23 21:48:08'),
(103, 27, '1301', 1, 1, 1, '2021-12-23 21:48:35', '2021-12-23 21:48:35'),
(104, 27, '1302', 1, 1, 1, '2021-12-23 21:48:35', '2021-12-23 21:48:35'),
(105, 27, '1303', 1, 1, 1, '2021-12-23 21:48:35', '2021-12-23 21:48:35'),
(106, 27, '1351', 1, 2, 1, '2021-12-23 21:48:35', '2021-12-23 21:48:35'),
(107, 27, '1352', 1, 2, 1, '2021-12-23 21:48:35', '2021-12-23 21:48:35'),
(108, 28, '1301', 1, 1, 1, '2021-12-23 21:52:17', '2021-12-23 21:52:17'),
(109, 28, '1302', 1, 1, 1, '2021-12-23 21:52:17', '2021-12-23 21:52:17'),
(110, 28, '1303', 1, 1, 1, '2021-12-23 21:52:17', '2021-12-23 21:52:17'),
(111, 28, '1351', 1, 2, 1, '2021-12-23 21:52:17', '2021-12-23 21:52:17'),
(112, 28, '1352', 1, 2, 1, '2021-12-23 21:52:17', '2021-12-23 21:52:17'),
(113, 29, '1301', 1, 1, 1, '2021-12-23 21:52:17', '2021-12-23 21:52:17'),
(114, 29, '1302', 1, 1, 1, '2021-12-23 21:52:17', '2021-12-23 21:52:17'),
(115, 29, '1303', 1, 1, 1, '2021-12-23 21:52:17', '2021-12-23 21:52:17'),
(116, 29, '1351', 1, 2, 1, '2021-12-23 21:52:17', '2021-12-23 21:52:17'),
(117, 29, '1352', 1, 2, 1, '2021-12-23 21:52:17', '2021-12-23 21:52:17'),
(118, 30, '1301', 1, 1, 1, '2021-12-23 21:52:17', '2021-12-23 21:52:17'),
(119, 30, '1302', 1, 1, 1, '2021-12-23 21:52:17', '2021-12-23 21:52:17'),
(120, 30, '1303', 1, 1, 1, '2021-12-23 21:52:17', '2021-12-23 21:52:17'),
(121, 30, '1351', 1, 2, 1, '2021-12-23 21:52:17', '2021-12-23 21:52:17'),
(122, 30, '1352', 1, 2, 1, '2021-12-23 21:52:17', '2021-12-23 21:52:17'),
(123, 31, '1301', 1, 1, 1, '2021-12-23 21:52:17', '2021-12-23 21:52:17'),
(124, 31, '1302', 1, 1, 1, '2021-12-23 21:52:17', '2021-12-23 21:52:17'),
(125, 31, '1303', 1, 1, 1, '2021-12-23 21:52:17', '2021-12-23 21:52:17'),
(126, 31, '1351', 1, 2, 1, '2021-12-23 21:52:17', '2021-12-23 21:52:17'),
(127, 31, '1352', 1, 2, 1, '2021-12-23 21:52:17', '2021-12-23 21:52:17'),
(128, 32, '2401', 1, 1, 1, '2021-12-23 21:56:15', '2021-12-23 21:56:15'),
(129, 32, '2402', 1, 1, 1, '2021-12-23 21:56:15', '2021-12-23 21:56:15'),
(130, 32, '2403', 1, 1, 1, '2021-12-23 21:56:15', '2021-12-23 21:56:15'),
(131, 32, '2451', 1, 2, 1, '2021-12-23 21:56:15', '2021-12-23 21:56:15'),
(132, 32, '2452', 1, 2, 1, '2021-12-23 21:56:15', '2021-12-23 21:56:15'),
(133, 33, '2401', 1, 1, 1, '2021-12-23 21:56:15', '2021-12-23 21:56:15'),
(134, 33, '2402', 1, 1, 1, '2021-12-23 21:56:15', '2021-12-23 21:56:15'),
(135, 33, '2403', 1, 1, 1, '2021-12-23 21:56:15', '2021-12-23 21:56:15'),
(136, 33, '2451', 1, 2, 1, '2021-12-23 21:56:15', '2021-12-23 21:56:15'),
(137, 33, '2452', 1, 2, 1, '2021-12-23 21:56:15', '2021-12-23 21:56:15'),
(138, 34, '2401', 1, 1, 1, '2021-12-23 21:56:15', '2021-12-23 21:56:15'),
(139, 34, '2402', 1, 1, 1, '2021-12-23 21:56:15', '2021-12-23 21:56:15'),
(140, 34, '2403', 1, 1, 1, '2021-12-23 21:56:15', '2021-12-23 21:56:15'),
(141, 34, '2451', 1, 2, 1, '2021-12-23 21:56:15', '2021-12-23 21:56:15'),
(142, 34, '2452', 1, 2, 1, '2021-12-23 21:56:15', '2021-12-23 21:56:15'),
(143, 35, '2401', 1, 1, 1, '2021-12-23 21:56:15', '2021-12-23 21:56:15'),
(144, 35, '2402', 1, 1, 1, '2021-12-23 21:56:15', '2021-12-23 21:56:15'),
(145, 35, '2403', 1, 1, 1, '2021-12-23 21:56:15', '2021-12-23 21:56:15'),
(146, 35, '2451', 1, 2, 1, '2021-12-23 21:56:15', '2021-12-23 21:56:15'),
(147, 35, '2452', 1, 2, 1, '2021-12-23 21:56:15', '2021-12-23 21:56:15'),
(148, 36, '2401', 1, 1, 1, '2021-12-23 21:56:15', '2021-12-23 21:56:15'),
(149, 36, '2402', 1, 1, 1, '2021-12-23 21:56:15', '2021-12-23 21:56:15'),
(150, 36, '2403', 1, 1, 1, '2021-12-23 21:56:15', '2021-12-23 21:56:15'),
(151, 36, '2451', 1, 2, 1, '2021-12-23 21:56:15', '2021-12-23 21:56:15'),
(152, 36, '2452', 1, 2, 1, '2021-12-23 21:56:15', '2021-12-23 21:56:15'),
(153, 37, '2401', 1, 1, 1, '2021-12-23 21:56:15', '2021-12-23 21:56:15'),
(154, 37, '2402', 1, 1, 1, '2021-12-23 21:56:15', '2021-12-23 21:56:15'),
(155, 37, '2403', 1, 1, 1, '2021-12-23 21:56:15', '2021-12-23 21:56:15'),
(156, 37, '2451', 1, 2, 1, '2021-12-23 21:56:15', '2021-12-23 21:56:15'),
(157, 37, '2452', 1, 2, 1, '2021-12-23 21:56:15', '2021-12-23 21:56:15'),
(158, 38, '1501', 1, 1, 1, '2021-12-23 22:00:09', '2021-12-23 22:00:09'),
(159, 38, '1502', 1, 1, 1, '2021-12-23 22:00:09', '2021-12-23 22:00:09'),
(160, 38, '1503', 1, 1, 1, '2021-12-23 22:00:09', '2021-12-23 22:00:09'),
(161, 38, '1551', 1, 2, 1, '2021-12-23 22:00:09', '2021-12-23 22:00:09'),
(162, 38, '1552', 1, 2, 1, '2021-12-23 22:00:09', '2021-12-23 22:00:09'),
(163, 39, '1501', 1, 1, 1, '2021-12-23 22:00:09', '2021-12-23 22:00:09'),
(164, 39, '1502', 1, 1, 1, '2021-12-23 22:00:09', '2021-12-23 22:00:09'),
(165, 39, '1503', 1, 1, 1, '2021-12-23 22:00:09', '2021-12-23 22:00:09'),
(166, 39, '1551', 1, 2, 1, '2021-12-23 22:00:09', '2021-12-23 22:00:09'),
(167, 39, '1552', 1, 2, 1, '2021-12-23 22:00:09', '2021-12-23 22:00:09'),
(168, 40, '1501', 1, 1, 1, '2021-12-23 22:00:09', '2021-12-23 22:00:09'),
(169, 40, '1502', 1, 1, 1, '2021-12-23 22:00:09', '2021-12-23 22:00:09'),
(170, 40, '1503', 1, 1, 1, '2021-12-23 22:00:09', '2021-12-23 22:00:09'),
(171, 40, '1551', 1, 2, 1, '2021-12-23 22:00:09', '2021-12-23 22:00:09'),
(172, 40, '1552', 1, 2, 1, '2021-12-23 22:00:09', '2021-12-23 22:00:09'),
(173, 41, '1501', 1, 1, 1, '2021-12-23 22:00:09', '2021-12-23 22:00:09'),
(174, 41, '1502', 1, 1, 1, '2021-12-23 22:00:09', '2021-12-23 22:00:09'),
(175, 41, '1503', 1, 1, 1, '2021-12-23 22:00:09', '2021-12-23 22:00:09'),
(176, 41, '1551', 1, 2, 1, '2021-12-23 22:00:09', '2021-12-23 22:00:09'),
(177, 41, '1552', 1, 2, 1, '2021-12-23 22:00:09', '2021-12-23 22:00:09'),
(178, 42, '2601', 1, 1, 1, '2021-12-23 22:28:11', '2021-12-23 22:28:11'),
(179, 42, '2602', 1, 1, 1, '2021-12-23 22:28:11', '2021-12-23 22:28:11'),
(180, 42, '2603', 1, 1, 1, '2021-12-23 22:28:11', '2021-12-23 22:28:11'),
(181, 42, '2651', 1, 2, 1, '2021-12-23 22:28:11', '2021-12-23 22:28:11'),
(182, 42, '2652', 1, 2, 1, '2021-12-23 22:28:11', '2021-12-23 22:28:11'),
(183, 43, '2601', 1, 1, 1, '2021-12-23 22:28:11', '2021-12-23 22:28:11'),
(184, 43, '2602', 1, 1, 1, '2021-12-23 22:28:11', '2021-12-23 22:28:11'),
(185, 43, '2603', 1, 1, 1, '2021-12-23 22:28:11', '2021-12-23 22:28:11'),
(186, 43, '2651', 1, 2, 1, '2021-12-23 22:28:11', '2021-12-23 22:28:11'),
(187, 43, '2652', 1, 2, 1, '2021-12-23 22:28:11', '2021-12-23 22:28:11'),
(188, 44, '2601', 1, 1, 1, '2021-12-23 22:28:11', '2021-12-23 22:28:11'),
(189, 44, '2602', 1, 1, 1, '2021-12-23 22:28:11', '2021-12-23 22:28:11'),
(190, 44, '2603', 1, 1, 1, '2021-12-23 22:28:11', '2021-12-23 22:28:11'),
(191, 44, '2651', 1, 2, 1, '2021-12-23 22:28:11', '2021-12-23 22:28:11'),
(192, 44, '2652', 1, 2, 1, '2021-12-23 22:28:11', '2021-12-23 22:28:11'),
(193, 45, '2601', 1, 1, 1, '2021-12-23 22:28:11', '2021-12-23 22:28:11'),
(194, 45, '2602', 1, 1, 1, '2021-12-23 22:28:11', '2021-12-23 22:28:11'),
(195, 45, '2603', 1, 1, 1, '2021-12-23 22:28:11', '2021-12-23 22:28:11'),
(196, 45, '2651', 1, 2, 1, '2021-12-23 22:28:11', '2021-12-23 22:28:11'),
(197, 45, '2652', 1, 2, 1, '2021-12-23 22:28:11', '2021-12-23 22:28:11'),
(198, 46, '2601', 1, 1, 1, '2021-12-23 22:28:11', '2021-12-23 22:28:11'),
(199, 46, '2602', 1, 1, 1, '2021-12-23 22:28:11', '2021-12-23 22:28:11'),
(200, 46, '2603', 1, 1, 1, '2021-12-23 22:28:11', '2021-12-23 22:28:11'),
(201, 46, '2651', 1, 2, 1, '2021-12-23 22:28:11', '2021-12-23 22:28:11'),
(202, 46, '2652', 1, 2, 1, '2021-12-23 22:28:11', '2021-12-23 22:28:11'),
(203, 47, '1701', 1, 1, 1, '2021-12-23 22:31:32', '2021-12-23 22:31:32'),
(204, 47, '1702', 1, 1, 1, '2021-12-23 22:31:32', '2021-12-23 22:31:32'),
(205, 47, '1703', 1, 1, 1, '2021-12-23 22:31:32', '2021-12-23 22:31:32'),
(206, 47, '1751', 1, 2, 1, '2021-12-23 22:31:32', '2021-12-23 22:31:32'),
(207, 47, '1752', 1, 2, 1, '2021-12-23 22:31:32', '2021-12-23 22:31:32'),
(208, 48, '1701', 1, 1, 1, '2021-12-23 22:31:32', '2021-12-23 22:31:32'),
(209, 48, '1702', 1, 1, 1, '2021-12-23 22:31:32', '2021-12-23 22:31:32'),
(210, 48, '1703', 1, 1, 1, '2021-12-23 22:31:32', '2021-12-23 22:31:32'),
(211, 48, '1751', 1, 2, 1, '2021-12-23 22:31:32', '2021-12-23 22:31:32'),
(212, 48, '1752', 1, 2, 1, '2021-12-23 22:31:32', '2021-12-23 22:31:32'),
(213, 49, '1701', 1, 1, 1, '2021-12-23 22:31:32', '2021-12-23 22:31:32'),
(214, 49, '1702', 1, 1, 1, '2021-12-23 22:31:32', '2021-12-23 22:31:32'),
(215, 49, '1703', 1, 1, 1, '2021-12-23 22:31:32', '2021-12-23 22:31:32'),
(216, 49, '1751', 1, 2, 1, '2021-12-23 22:31:32', '2021-12-23 22:31:32'),
(217, 49, '1752', 1, 2, 1, '2021-12-23 22:31:32', '2021-12-23 22:31:32'),
(218, 50, '1701', 1, 1, 1, '2021-12-23 22:31:32', '2021-12-23 22:31:32'),
(219, 50, '1702', 1, 1, 1, '2021-12-23 22:31:32', '2021-12-23 22:31:32'),
(220, 50, '1703', 1, 1, 1, '2021-12-23 22:31:32', '2021-12-23 22:31:32'),
(221, 50, '1751', 1, 2, 1, '2021-12-23 22:31:32', '2021-12-23 22:31:32'),
(222, 50, '1752', 1, 2, 1, '2021-12-23 22:31:32', '2021-12-23 22:31:32'),
(223, 51, '1701', 1, 1, 1, '2021-12-23 22:31:32', '2021-12-23 22:31:32'),
(224, 51, '1702', 1, 1, 1, '2021-12-23 22:31:32', '2021-12-23 22:31:32'),
(225, 51, '1703', 1, 1, 1, '2021-12-23 22:31:32', '2021-12-23 22:31:32'),
(226, 51, '1751', 1, 2, 1, '2021-12-23 22:31:32', '2021-12-23 22:31:32'),
(227, 51, '1752', 1, 2, 1, '2021-12-23 22:31:32', '2021-12-23 22:31:32'),
(228, 52, '2801', 1, 1, 1, '2021-12-23 22:38:17', '2021-12-23 22:38:17'),
(229, 52, '2802', 1, 1, 1, '2021-12-23 22:38:17', '2021-12-23 22:38:17'),
(230, 52, '2803', 1, 1, 1, '2021-12-23 22:38:17', '2021-12-23 22:38:17'),
(231, 52, '2851', 1, 2, 1, '2021-12-23 22:38:17', '2021-12-23 22:38:17'),
(232, 52, '2852', 1, 2, 1, '2021-12-23 22:38:17', '2021-12-23 22:38:17'),
(233, 53, '2806', 1, 1, 1, '2021-12-23 22:38:17', '2021-12-23 22:38:17'),
(234, 53, '2802', 1, 1, 1, '2021-12-23 22:38:17', '2021-12-23 22:38:17'),
(235, 53, '2803', 1, 1, 1, '2021-12-23 22:38:17', '2021-12-23 22:38:17'),
(236, 53, '2851', 1, 2, 1, '2021-12-23 22:38:17', '2021-12-23 22:38:17'),
(237, 53, '2852', 1, 2, 1, '2021-12-23 22:38:17', '2021-12-23 22:38:17'),
(238, 54, '1901', 1, 1, 1, '2021-12-23 22:41:29', '2021-12-23 22:41:29'),
(239, 54, '1902', 1, 1, 1, '2021-12-23 22:41:29', '2021-12-23 22:41:29'),
(240, 54, '1903', 1, 1, 1, '2021-12-23 22:41:29', '2021-12-23 22:41:29'),
(241, 54, '1951', 1, 2, 1, '2021-12-23 22:41:29', '2021-12-23 22:41:29'),
(242, 54, '1952', 1, 2, 1, '2021-12-23 22:41:29', '2021-12-23 22:41:29'),
(243, 83, '2001', 1, 1, 1, '2021-12-23 22:55:09', '2021-12-23 22:55:09'),
(244, 90, '2101', 1, 1, 1, '2021-12-23 23:20:47', '2021-12-23 23:20:47'),
(245, 91, '1101', 1, 1, 1, '2021-12-23 23:20:47', '2021-12-23 23:20:47'),
(246, 92, '1111', 1, 1, 1, '2021-12-23 23:22:01', '2021-12-23 23:22:01'),
(247, 93, '1101', 1, 1, 1, '2021-12-23 23:22:01', '2021-12-23 23:22:01'),
(248, 94, '9211', 1, 1, 1, '2021-12-23 23:23:32', '2021-12-23 23:23:32'),
(249, 95, '1101', 1, 1, 1, '2021-12-23 23:23:32', '2021-12-23 23:23:32'),
(250, 96, '1101', 1, 1, 1, '2021-12-23 23:24:54', '2021-12-23 23:24:54'),
(251, 97, '2101', 1, 1, 1, '2021-12-23 23:24:54', '2021-12-23 23:24:54'),
(252, 98, '1109', 1, 1, 1, '2021-12-23 23:26:37', '2021-12-23 23:26:37'),
(253, 99, '2105', 1, 1, 1, '2021-12-23 23:26:37', '2021-12-23 23:26:37'),
(254, 100, '2101', 1, 1, 1, '2021-12-23 23:28:05', '2021-12-23 23:28:05'),
(255, 101, '2101', 1, 1, 1, '2021-12-23 23:28:05', '2021-12-23 23:28:05'),
(256, 102, '2101', 1, 1, 1, '2021-12-23 23:29:28', '2021-12-23 23:29:28'),
(257, 103, '1101', 1, 1, 1, '2021-12-23 23:29:28', '2021-12-23 23:29:28'),
(258, 104, '2101', 1, 1, 1, '2021-12-23 23:30:04', '2021-12-23 23:30:04'),
(259, 14, '1101', 1, 1, 1, '2021-12-24 03:42:57', '2021-12-24 03:42:57'),
(260, 14, '1102', 1, 1, 1, '2021-12-24 03:44:22', '2021-12-24 03:44:22'),
(261, 14, '1103', 1, 1, 1, '2021-12-24 03:44:22', '2021-12-24 03:44:22'),
(262, 14, '1151', 1, 1, 1, '2021-12-24 03:44:22', '2021-12-24 03:44:22'),
(263, 14, '1152', 1, 1, 1, '2021-12-24 03:44:22', '2021-12-24 03:44:22'),
(264, 66, '1501', 1, 1, 1, '2021-12-24 04:05:45', '2021-12-24 04:05:45'),
(265, 66, '1551', 1, 2, 1, '2021-12-24 04:05:45', '2021-12-24 04:05:45'),
(266, 62, '1501', 1, 1, 1, '2021-12-24 04:16:53', '2021-12-24 04:16:53'),
(267, 62, '1551', 1, 2, 1, '2021-12-24 04:16:53', '2021-12-24 04:16:53'),
(268, 63, '1701', 1, 1, 1, '2021-12-24 04:16:53', '2021-12-24 04:16:53'),
(269, 63, '1751', 1, 2, 1, '2021-12-24 04:16:53', '2021-12-24 04:16:53'),
(270, 61, '1701', 1, 1, 1, '2021-12-24 04:16:53', '2021-12-24 04:16:53'),
(271, 61, '1751', 1, 2, 1, '2021-12-24 04:16:53', '2021-12-24 04:16:53'),
(272, 59, '1701', 1, 1, 1, '2021-12-24 04:16:53', '2021-12-24 04:16:53'),
(273, 59, '1751', 1, 2, 1, '2021-12-24 04:16:53', '2021-12-24 04:16:53'),
(274, 56, '1701', 1, 1, 1, '2021-12-24 04:16:53', '2021-12-24 04:16:53'),
(275, 56, '1751', 1, 2, 1, '2021-12-24 04:16:53', '2021-12-24 04:16:53'),
(281, 74, '1901', 1, 1, 1, '2021-12-24 04:35:16', '2021-12-24 04:35:16'),
(282, 74, '1902', 1, 1, 1, '2021-12-24 04:35:16', '2021-12-24 04:35:16'),
(283, 74, '1903', 1, 1, 1, '2021-12-24 04:35:16', '2021-12-24 04:35:16'),
(284, 74, '1951', 1, 2, 1, '2021-12-24 04:35:16', '2021-12-24 04:35:16'),
(285, 74, '1952', 1, 2, 1, '2021-12-24 04:35:16', '2021-12-24 04:35:16'),
(286, 83, '1901', 1, 1, 1, '2021-12-24 04:35:16', '2021-12-24 04:35:16'),
(287, 83, '1902', 1, 1, 1, '2021-12-24 04:35:16', '2021-12-24 04:35:16'),
(288, 83, '1903', 1, 1, 1, '2021-12-24 04:35:16', '2021-12-24 04:35:16'),
(289, 83, '1951', 1, 2, 1, '2021-12-24 04:35:16', '2021-12-24 04:35:16'),
(290, 83, '1952', 1, 2, 1, '2021-12-24 04:35:16', '2021-12-24 04:35:16'),
(291, 82, '1901', 1, 1, 1, '2021-12-24 04:35:16', '2021-12-24 04:35:16'),
(292, 82, '1902', 1, 1, 1, '2021-12-24 04:35:16', '2021-12-24 04:35:16'),
(293, 82, '2803', 1, 1, 1, '2021-12-24 04:35:16', '2021-12-24 04:35:16'),
(294, 82, '2851', 1, 2, 1, '2021-12-24 04:35:16', '2021-12-24 04:35:16'),
(295, 82, '1952', 1, 2, 1, '2021-12-24 04:35:16', '2021-12-24 04:35:16'),
(296, 84, '1901', 1, 1, 1, '2021-12-24 04:35:16', '2021-12-24 04:35:16'),
(297, 84, '1902', 1, 1, 1, '2021-12-24 04:35:16', '2021-12-24 04:35:16'),
(298, 84, '1903', 1, 1, 1, '2021-12-24 04:35:16', '2021-12-24 04:35:16'),
(299, 84, '1951', 1, 2, 1, '2021-12-24 04:35:16', '2021-12-24 04:35:16'),
(300, 84, '1952', 1, 2, 1, '2021-12-24 04:35:16', '2021-12-24 04:35:16'),
(301, 81, '1901', 1, 1, 1, '2021-12-24 04:35:16', '2021-12-24 04:35:16'),
(302, 81, '1902', 1, 1, 1, '2021-12-24 04:35:16', '2021-12-24 04:35:16'),
(303, 81, '1903', 1, 1, 1, '2021-12-24 04:35:16', '2021-12-24 04:35:16'),
(304, 81, '1951', 1, 2, 1, '2021-12-24 04:35:16', '2021-12-24 04:35:16'),
(305, 81, '1952', 1, 2, 1, '2021-12-24 04:35:16', '2021-12-24 04:35:16'),
(306, 88, '1901', 1, 1, 1, '2021-12-24 04:35:16', '2021-12-24 04:35:16'),
(307, 88, '1902', 1, 1, 1, '2021-12-24 04:35:16', '2021-12-24 04:35:16'),
(308, 88, '1903', 1, 1, 1, '2021-12-24 04:35:16', '2021-12-24 04:35:16'),
(309, 88, '1951', 1, 2, 1, '2021-12-24 04:35:16', '2021-12-24 04:35:16'),
(310, 88, '1952', 1, 2, 1, '2021-12-24 04:35:16', '2021-12-24 04:35:16'),
(311, 62, '2001', 1, 1, 1, '2021-12-24 21:34:20', '2021-12-24 21:34:20'),
(312, 63, '2051', 1, 2, 1, '2021-12-24 21:34:20', '2021-12-24 21:34:20'),
(313, 17, '2101', 2, 1, 1, '2021-12-24 21:37:08', '2021-12-24 21:37:08'),
(314, 69, '2151', 1, 2, 1, '2021-12-24 21:41:35', '2021-12-24 21:41:35'),
(315, 31, '2351', 2, 1, 1, '2021-12-25 16:31:10', '2021-12-25 16:31:10'),
(316, 105, '2601', 1, 1, 1, '2021-12-25 19:45:27', '2021-12-25 19:45:27'),
(317, 106, '2601', 1, 1, 1, '2021-12-25 19:45:27', '2021-12-25 19:45:27'),
(318, 66, '2602', 1, 2, 1, '2021-12-25 21:00:39', '2021-12-25 21:00:39'),
(319, 105, '2651', 1, 1, 1, '2021-12-25 21:11:04', '2021-12-25 21:11:04'),
(320, 59, '2652', 1, 2, 1, '2021-12-25 21:18:43', '2021-12-25 21:18:43'),
(321, 69, '2801', 1, 1, 1, '2021-12-25 21:35:53', '2021-12-25 21:35:53'),
(322, 73, '2801', 1, 1, 1, '2021-12-25 21:37:42', '2021-12-25 21:37:42'),
(323, 107, '2802', 1, 1, 1, '2021-12-25 21:42:26', '2021-12-25 21:42:26'),
(324, 68, '2803', 1, 1, 1, '2021-12-25 22:03:31', '2021-12-25 22:03:31'),
(325, 70, '2804', 1, 1, 1, '2021-12-25 22:09:44', '2021-12-25 22:09:44'),
(326, 79, '2804', 1, 1, 1, '2021-12-25 22:11:50', '2021-12-25 22:11:50'),
(327, 77, '2806', 1, 1, 1, '2021-12-25 22:13:16', '2021-12-25 22:13:16'),
(328, 68, '2851', 1, 2, 1, '2021-12-25 22:15:50', '2021-12-25 22:15:50'),
(329, 73, '2851', 1, 2, 1, '2021-12-25 22:20:27', '2021-12-25 22:20:27'),
(330, 107, '2852', 1, 2, 1, '2021-12-25 22:41:41', '2021-12-25 22:41:41'),
(331, 70, '2852', 1, 2, 1, '2021-12-25 22:45:42', '2021-12-25 22:45:42'),
(332, 108, '2852', 1, 2, 1, '2021-12-25 22:49:15', '2021-12-25 22:49:15'),
(333, 109, '2853', 1, 2, 1, '2021-12-25 22:54:13', '2021-12-25 22:54:13'),
(334, 77, '2853', 1, 2, 1, '2021-12-25 22:57:25', '2021-12-25 22:57:25'),
(335, 110, '2051', 1, 2, 1, '2021-12-25 22:59:51', '2021-12-25 22:59:51'),
(336, 106, '1701', 1, 1, 1, '2021-12-27 00:09:04', '2021-12-27 00:09:04'),
(337, 108, '2802', 1, 1, 1, '2021-12-29 02:02:38', '2021-12-29 02:02:38'),
(338, 111, '1501', 1, 1, 1, '2021-12-31 04:20:49', '2021-12-31 04:20:49'),
(339, 111, '1502', 1, 1, 1, '2021-12-31 04:21:46', '2021-12-31 04:21:46'),
(340, 111, '1503', 1, 1, 1, '2021-12-31 04:21:46', '2021-12-31 04:21:46'),
(341, 111, '1551', 1, 2, 1, '2021-12-31 04:21:46', '2021-12-31 04:21:46'),
(342, 111, '1552', 1, 2, 1, '2021-12-31 04:21:46', '2021-12-31 04:21:46'),
(343, 111, '2501', 1, 1, 1, '2021-12-31 04:22:20', '2021-12-31 04:22:20'),
(344, 76, '2801', 3, 1, 1, '2021-12-31 05:27:38', '2021-12-31 05:27:38'),
(345, 112, '1202', 1, 1, 1, '2021-12-31 05:32:04', '2021-12-31 05:32:04'),
(346, 86, '1901', 1, 1, 1, '2022-01-01 20:40:18', '2022-01-01 20:40:18');

-- --------------------------------------------------------

--
-- Estructura de tabla para la tabla `horario`
--

CREATE TABLE `horario` (
  `id_horario` int(10) NOT NULL,
  `id_grupo_fk` int(10) NOT NULL,
  `id_salon_fk` int(5) NOT NULL,
  `inicio` time NOT NULL,
  `fin` time NOT NULL,
  `duracion` double NOT NULL,
  `dia` int(1) NOT NULL,
  `updated_at` timestamp NOT NULL DEFAULT current_timestamp(),
  `created_at` timestamp NOT NULL DEFAULT current_timestamp()
) ENGINE=InnoDB DEFAULT CHARSET=utf8mb4;

--
-- Volcado de datos para la tabla `horario`
--

INSERT INTO `horario` (`id_horario`, `id_grupo_fk`, `id_salon_fk`, `inicio`, `fin`, `duracion`, `dia`, `updated_at`, `created_at`) VALUES
(1, 1, 1, '07:00:00', '09:00:00', 120, 1, '2021-11-26 00:00:50', '2021-11-26 00:00:50'),
(2, 1, 1, '09:00:00', '11:00:00', 120, 3, '2021-11-26 00:01:32', '2021-11-26 00:01:32'),
(3, 2, 2, '09:00:00', '11:00:00', 120, 1, '2021-11-26 00:01:57', '2021-11-26 00:01:57'),
(4, 3, 3, '07:00:00', '09:00:00', 120, 5, '2021-11-26 00:04:55', '2021-11-26 00:04:55'),
(5, 4, 3, '15:00:00', '17:00:00', 120, 2, '2021-11-26 00:05:21', '2021-11-26 00:05:21'),
(6, 5, 3, '15:00:00', '17:00:00', 120, 3, '2021-11-26 00:06:07', '2021-11-26 00:06:07'),
(7, 5, 4, '15:00:00', '17:00:00', 120, 5, '2021-11-26 00:07:14', '2021-11-26 00:07:14'),
(8, 6, 1, '09:00:00', '11:00:00', 120, 1, '2021-11-26 00:08:33', '2021-11-26 00:08:33'),
(9, 243, 11, '11:00:00', '13:00:00', 2, 3, '2021-12-27 21:42:02', '2021-12-27 21:42:02'),
(10, 243, 2, '13:00:00', '15:00:00', 2, 3, '2021-12-27 21:51:04', '2021-12-27 21:51:04'),
(11, 243, 2, '13:00:00', '15:00:00', 2, 2, '2021-12-27 21:51:04', '2021-12-27 21:51:04'),
(12, 311, 12, '11:00:00', '13:00:00', 2, 2, '2021-12-27 21:51:04', '2021-12-27 21:51:04'),
(13, 311, 12, '11:00:00', '13:00:00', 2, 3, '2021-12-27 21:51:04', '2021-12-27 21:51:04'),
(14, 311, 12, '11:00:00', '13:00:00', 2, 4, '2021-12-27 21:51:04', '2021-12-27 21:51:04'),
(15, 335, 2, '19:00:00', '21:00:00', 2, 4, '2021-12-27 21:51:04', '2021-12-27 21:51:04'),
(16, 335, 13, '18:00:00', '20:00:00', 2, 2, '2021-12-28 05:57:56', '2021-12-28 05:57:56'),
(17, 335, 13, '18:00:00', '20:00:00', 2, 3, '2021-12-28 05:57:56', '2021-12-28 05:57:56'),
(18, 312, 12, '14:00:00', '16:00:00', 2, 4, '2021-12-28 05:57:56', '2021-12-28 05:57:56'),
(19, 312, 14, '14:00:00', '16:00:00', 2, 2, '2021-12-28 05:57:56', '2021-12-28 05:57:56'),
(20, 312, 14, '14:00:00', '16:00:00', 2, 5, '2021-12-28 05:57:56', '2021-12-28 05:57:56'),
(21, 313, 15, '09:00:00', '14:00:00', 5, 6, '2021-12-28 05:57:56', '2021-12-28 05:57:56'),
(22, 314, 4, '15:00:00', '16:00:00', 1, 3, '2021-12-28 05:57:56', '2021-12-28 05:57:56'),
(23, 314, 4, '15:00:00', '16:00:00', 1, 5, '2021-12-28 05:57:56', '2021-12-28 05:57:56'),
(24, 314, 16, '15:00:00', '17:00:00', 2, 2, '2021-12-28 05:57:56', '2021-12-28 05:57:56'),
(25, 314, 16, '15:00:00', '17:00:00', 2, 4, '2021-12-28 05:57:56', '2021-12-28 05:57:56'),
(26, 68, 12, '07:00:00', '09:00:00', 2, 1, '2021-12-28 05:57:56', '2021-12-28 05:57:56'),
(27, 68, 12, '07:00:00', '08:00:00', 1, 3, '2021-12-28 05:57:56', '2021-12-28 05:57:56'),
(28, 68, 17, '08:00:00', '09:00:00', 1, 3, '2021-12-28 05:57:56', '2021-12-28 05:57:56'),
(29, 68, 17, '08:00:00', '09:00:00', 1, 5, '2021-12-28 05:57:56', '2021-12-28 05:57:56'),
(30, 73, 11, '12:00:00', '13:30:00', 1.3, 4, '2021-12-28 05:57:56', '2021-12-28 05:57:56'),
(31, 73, 18, '12:00:00', '13:30:00', 1.3, 2, '2021-12-28 05:57:56', '2021-12-28 05:57:56'),
(32, 78, 12, '09:00:00', '11:00:00', 2, 2, '2021-12-28 05:57:56', '2021-12-28 05:57:56'),
(33, 78, 12, '09:00:00', '11:00:00', 2, 4, '2021-12-28 05:57:56', '2021-12-28 05:57:56'),
(34, 78, 12, '12:00:00', '14:00:00', 2, 5, '2021-12-28 05:57:56', '2021-12-28 05:57:56'),
(35, 83, 16, '09:00:00', '11:00:00', 2, 1, '2021-12-28 05:57:56', '2021-12-28 05:57:56'),
(36, 83, 12, '09:00:00', '10:30:00', 2, 3, '2021-12-28 05:57:56', '2021-12-28 05:57:56'),
(37, 83, 12, '09:00:00', '10:30:00', 2, 5, '2021-12-28 05:57:56', '2021-12-28 05:57:56'),
(38, 88, 12, '11:00:00', '12:30:00', 1.3, 1, '2021-12-28 05:57:56', '2021-12-28 05:57:56'),
(39, 88, 12, '10:30:00', '12:00:00', 1.3, 5, '2021-12-28 05:57:56', '2021-12-28 05:57:56'),
(40, 88, 16, '11:00:00', '13:00:00', 2, 3, '2021-12-28 05:57:56', '2021-12-28 05:57:56'),
(41, 93, 12, '07:00:00', '09:00:00', 2, 2, '2021-12-28 05:57:56', '2021-12-28 05:57:56'),
(42, 93, 12, '07:00:00', '09:00:00', 2, 4, '2021-12-28 05:57:56', '2021-12-28 05:57:56'),
(43, 69, 4, '07:00:00', '09:00:00', 2, 1, '2021-12-28 05:57:56', '2021-12-28 05:57:56'),
(44, 69, 4, '07:00:00', '09:00:00', 2, 3, '2021-12-28 05:57:56', '2021-12-28 05:57:56'),
(45, 69, 4, '08:00:00', '09:00:00', 1, 5, '2021-12-28 05:57:56', '2021-12-28 05:57:56'),
(46, 74, 4, '09:00:00', '10:30:00', 1.3, 2, '2021-12-28 05:57:56', '2021-12-28 05:57:56'),
(47, 74, 4, '09:00:00', '10:30:00', 1.3, 4, '2021-12-28 05:57:56', '2021-12-28 05:57:56'),
(48, 79, 4, '10:30:00', '12:30:00', 2, 2, '2021-12-28 05:57:56', '2021-12-28 05:57:56'),
(49, 79, 4, '10:30:00', '12:30:00', 2, 4, '2021-12-28 05:57:56', '2021-12-28 05:57:56'),
(50, 79, 4, '10:30:00', '12:30:00', 2, 5, '2021-12-28 05:57:56', '2021-12-28 05:57:56'),
(51, 84, 4, '09:00:00', '11:00:00', 2, 1, '2021-12-28 05:57:56', '2021-12-28 05:57:56'),
(52, 84, 4, '09:00:00', '10:00:00', 2, 5, '2021-12-28 05:57:56', '2021-12-28 05:57:56'),
(53, 84, 16, '09:00:00', '11:00:00', 2, 3, '2021-12-28 05:57:56', '2021-12-28 05:57:56'),
(54, 89, 4, '11:00:00', '13:00:00', 2, 3, '2021-12-28 05:57:56', '2021-12-28 05:57:56'),
(55, 89, 4, '12:30:00', '13:30:00', 1, 5, '2021-12-28 05:57:56', '2021-12-28 05:57:56'),
(56, 89, 16, '11:00:00', '13:00:00', 2, 1, '2021-12-28 05:57:56', '2021-12-28 05:57:56'),
(57, 94, 4, '07:00:00', '09:00:00', 2, 2, '2021-12-28 05:57:56', '2021-12-28 05:57:56'),
(58, 94, 4, '07:00:00', '09:00:00', 2, 4, '2021-12-28 05:57:56', '2021-12-28 05:57:56'),
(59, 70, 15, '09:00:00', '11:00:00', 2, 1, '2021-12-28 05:57:56', '2021-12-28 05:57:56'),
(60, 70, 15, '09:00:00', '11:00:00', 2, 3, '2021-12-28 05:57:56', '2021-12-28 05:57:56'),
(61, 70, 15, '09:00:00', '10:00:00', 1, 5, '2021-12-28 05:57:56', '2021-12-28 05:57:56'),
(62, 75, 15, '12:00:00', '13:30:00', 1.3, 2, '2021-12-28 05:57:56', '2021-12-28 05:57:56'),
(63, 75, 15, '12:00:00', '13:30:00', 1.3, 4, '2021-12-28 05:57:56', '2021-12-28 05:57:56'),
(64, 80, 15, '07:00:00', '09:00:00', 2, 1, '2021-12-28 05:57:56', '2021-12-28 05:57:56'),
(65, 80, 15, '07:00:00', '09:00:00', 2, 3, '2021-12-28 05:57:56', '2021-12-28 05:57:56'),
(66, 80, 15, '07:00:00', '09:00:00', 2, 5, '2021-12-28 05:57:56', '2021-12-28 05:57:56'),
(67, 85, 15, '11:00:00', '13:00:00', 2, 1, '2021-12-28 05:57:56', '2021-12-28 05:57:56'),
(68, 85, 15, '11:00:00', '12:00:00', 1, 3, '2021-12-28 05:57:56', '2021-12-28 05:57:56'),
(69, 85, 2, '11:00:00', '13:00:00', 2, 5, '2021-12-28 05:57:56', '2021-12-28 05:57:56'),
(70, 90, 15, '07:00:00', '10:00:00', 3, 4, '2021-12-28 05:57:56', '2021-12-28 05:57:56'),
(71, 90, 13, '08:00:00', '10:00:00', 2, 2, '2021-12-28 05:57:56', '2021-12-28 05:57:56'),
(72, 95, 15, '10:00:00', '12:00:00', 2, 2, '2021-12-28 05:57:56', '2021-12-28 05:57:56'),
(73, 95, 15, '10:00:00', '12:00:00', 2, 4, '2021-12-28 05:57:56', '2021-12-28 05:57:56'),
(74, 71, 4, '15:00:00', '18:00:00', 3, 2, '2021-12-28 05:57:56', '2021-12-28 05:57:56'),
(75, 71, 4, '16:00:00', '18:00:00', 2, 4, '2021-12-28 05:57:56', '2021-12-28 05:57:56'),
(76, 76, 4, '17:30:00', '19:00:00', 1.3, 1, '2021-12-28 05:57:56', '2021-12-28 05:57:56'),
(77, 76, 4, '18:00:00', '19:30:00', 1.3, 3, '2021-12-28 05:57:56', '2021-12-28 05:57:56'),
(78, 81, 4, '19:30:00', '21:30:00', 2, 2, '2021-12-28 05:57:56', '2021-12-28 05:57:56'),
(79, 81, 4, '19:30:00', '21:30:00', 2, 4, '2021-12-28 05:57:56', '2021-12-28 05:57:56'),
(80, 81, 4, '08:00:00', '10:00:00', 2, 6, '2021-12-28 05:57:56', '2021-12-28 05:57:56'),
(81, 86, 4, '18:00:00', '19:30:00', 1.3, 2, '2021-12-28 05:57:56', '2021-12-28 05:57:56'),
(82, 86, 4, '18:00:00', '19:30:00', 1.3, 4, '2021-12-28 05:57:56', '2021-12-28 05:57:56'),
(83, 86, 16, '10:00:00', '12:00:00', 2, 6, '2021-12-28 05:57:56', '2021-12-28 05:57:56'),
(84, 91, 4, '19:00:00', '20:30:00', 1.3, 1, '2021-12-28 05:57:56', '2021-12-28 05:57:56'),
(85, 91, 4, '19:30:00', '21:00:00', 1.3, 3, '2021-12-28 05:57:56', '2021-12-28 05:57:56'),
(86, 91, 16, '19:00:00', '21:00:00', 2, 5, '2021-12-28 05:57:56', '2021-12-28 05:57:56'),
(87, 96, 4, '16:00:00', '18:00:00', 2, 3, '2021-12-28 05:57:56', '2021-12-28 05:57:56'),
(88, 96, 4, '17:00:00', '19:00:00', 2, 5, '2021-12-28 05:57:56', '2021-12-28 05:57:56'),
(89, 72, 12, '15:00:00', '18:00:00', 3, 2, '2021-12-28 05:57:56', '2021-12-28 05:57:56'),
(90, 72, 12, '16:00:00', '18:00:00', 2, 4, '2021-12-28 05:57:56', '2021-12-28 05:57:56'),
(91, 77, 12, '17:30:00', '19:00:00', 1.3, 1, '2021-12-28 05:57:56', '2021-12-28 05:57:56'),
(92, 77, 12, '18:00:00', '19:30:00', 1.3, 3, '2021-12-28 05:57:56', '2021-12-28 05:57:56'),
(93, 82, 12, '19:30:00', '21:30:00', 2, 2, '2021-12-28 05:57:56', '2021-12-28 05:57:56'),
(94, 82, 12, '19:30:00', '21:30:00', 2, 4, '2021-12-28 05:57:56', '2021-12-28 05:57:56'),
(95, 82, 12, '08:00:00', '10:00:00', 2, 6, '2021-12-28 05:57:56', '2021-12-28 05:57:56'),
(96, 87, 12, '18:00:00', '19:30:00', 1.3, 2, '2021-12-28 05:57:56', '2021-12-28 05:57:56'),
(97, 87, 12, '18:00:00', '19:30:00', 1.3, 4, '2021-12-28 05:57:56', '2021-12-28 05:57:56'),
(98, 87, 2, '10:00:00', '12:00:00', 2, 6, '2021-12-28 05:57:56', '2021-12-28 05:57:56'),
(99, 92, 12, '19:30:00', '21:00:00', 1.3, 3, '2021-12-28 05:57:56', '2021-12-28 05:57:56'),
(100, 92, 12, '19:00:00', '20:30:00', 1.3, 5, '2021-12-28 05:57:56', '2021-12-28 05:57:56'),
(101, 92, 16, '19:00:00', '21:00:00', 2, 1, '2021-12-28 05:57:56', '2021-12-28 05:57:56'),
(102, 97, 12, '16:00:00', '18:00:00', 2, 3, '2021-12-28 05:57:56', '2021-12-28 05:57:56'),
(103, 97, 12, '17:00:00', '19:00:00', 2, 5, '2021-12-28 05:57:56', '2021-12-28 05:57:56'),
(104, 315, 14, '07:00:00', '11:00:00', 4, 6, '2021-12-28 05:57:56', '2021-12-28 05:57:56'),
(105, 128, 19, '11:30:00', '13:30:00', 2, 1, '2021-12-28 05:57:56', '2021-12-28 05:57:56'),
(106, 128, 19, '11:00:00', '13:00:00', 2, 3, '2021-12-28 05:57:56', '2021-12-28 05:57:56'),
(107, 133, 19, '11:00:00', '12:30:00', 1.3, 2, '2021-12-28 05:57:56', '2021-12-28 05:57:56'),
(108, 133, 19, '11:30:00', '13:00:00', 1.3, 4, '2021-12-28 05:57:56', '2021-12-28 05:57:56'),
(109, 138, 19, '09:00:00', '11:30:00', 2.3, 4, '2021-12-28 05:57:56', '2021-12-28 05:57:56'),
(110, 138, 19, '12:00:00', '14:30:00', 2.3, 5, '2021-12-28 05:57:56', '2021-12-28 05:57:56'),
(111, 138, 16, '09:00:00', '11:00:00', 2, 2, '2021-12-28 05:57:56', '2021-12-28 05:57:56'),
(112, 143, 19, '09:00:00', '11:30:00', 2.3, 1, '2021-12-28 05:57:56', '2021-12-28 05:57:56'),
(113, 143, 19, '09:00:00', '11:30:00', 2.3, 5, '2021-12-28 05:57:56', '2021-12-28 05:57:56'),
(114, 143, 13, '09:00:00', '11:00:00', 2, 3, '2021-12-28 05:57:56', '2021-12-28 05:57:56'),
(115, 148, 19, '07:00:00', '09:00:00', 2, 3, '2021-12-28 05:57:56', '2021-12-28 05:57:56'),
(116, 148, 19, '08:00:00', '09:00:00', 1, 5, '2021-12-28 05:57:56', '2021-12-28 05:57:56'),
(117, 148, 16, '07:00:00', '09:00:00', 2, 1, '2021-12-28 05:57:56', '2021-12-28 05:57:56'),
(118, 153, 19, '07:00:00', '09:00:00', 2, 2, '2021-12-28 05:57:56', '2021-12-28 05:57:56'),
(119, 153, 19, '07:00:00', '09:00:00', 2, 4, '2021-12-28 05:57:56', '2021-12-28 05:57:56'),
(120, 129, 20, '12:00:00', '14:00:00', 2, 1, '2021-12-28 19:20:22', '2021-12-28 19:20:22'),
(121, 129, 20, '12:00:00', '14:00:00', 2, 3, '2021-12-28 19:20:22', '2021-12-28 19:20:22'),
(122, 134, 20, '11:30:00', '13:00:00', 1.3, 2, '2021-12-28 19:20:22', '2021-12-28 19:20:22'),
(123, 134, 20, '11:00:00', '12:30:00', 1.3, 4, '2021-12-28 19:20:22', '2021-12-28 19:20:22'),
(124, 139, 20, '09:00:00', '11:30:00', 2.3, 2, '2021-12-28 19:20:22', '2021-12-28 19:20:22'),
(125, 139, 20, '11:00:00', '13:30:00', 2.3, 5, '2021-12-28 19:20:22', '2021-12-28 19:20:22'),
(126, 139, 16, '09:00:00', '11:00:00', 2, 4, '2021-12-28 19:20:22', '2021-12-28 19:20:22'),
(127, 144, 20, '09:00:00', '11:30:00', 2.3, 1, '2021-12-28 19:20:22', '2021-12-28 19:20:22'),
(128, 144, 20, '09:00:00', '11:30:00', 2.3, 3, '2021-12-28 19:20:22', '2021-12-28 19:20:22'),
(129, 144, 13, '09:00:00', '11:00:00', 2, 5, '2021-12-28 19:20:22', '2021-12-28 19:20:22'),
(130, 149, 20, '07:00:00', '09:00:00', 2, 1, '2021-12-28 19:20:22', '2021-12-28 19:20:22'),
(131, 149, 20, '08:00:00', '09:00:00', 1, 5, '2021-12-28 19:20:22', '2021-12-28 19:20:22'),
(132, 149, 16, '07:00:00', '09:00:00', 2, 3, '2021-12-28 19:20:22', '2021-12-28 19:20:22'),
(133, 154, 20, '07:00:00', '09:00:00', 2, 2, '2021-12-28 19:20:22', '2021-12-28 19:20:22'),
(134, 154, 20, '07:00:00', '09:00:00', 2, 4, '2021-12-28 19:20:22', '2021-12-28 19:20:22'),
(135, 130, 21, '10:00:00', '12:00:00', 2, 1, '2021-12-28 19:20:22', '2021-12-28 19:20:22'),
(136, 130, 21, '10:00:00', '12:00:00', 2, 3, '2021-12-28 19:20:22', '2021-12-28 19:20:22'),
(137, 135, 21, '12:00:00', '13:00:00', 1, 3, '2021-12-28 19:20:22', '2021-12-28 19:20:22'),
(138, 135, 21, '11:00:00', '13:00:00', 2, 5, '2021-12-28 19:20:22', '2021-12-28 19:20:22'),
(139, 140, 21, '10:00:00', '12:30:00', 2.3, 2, '2021-12-28 19:20:22', '2021-12-28 19:20:22'),
(140, 140, 21, '10:00:00', '12:30:00', 2.3, 4, '2021-12-28 19:20:22', '2021-12-28 19:20:22'),
(141, 140, 2, '09:00:00', '11:00:00', 2, 5, '2021-12-28 19:20:22', '2021-12-28 19:20:22'),
(142, 145, 21, '07:00:00', '10:00:00', 3, 1, '2021-12-28 19:20:22', '2021-12-28 19:20:22'),
(143, 145, 21, '08:00:00', '10:00:00', 2, 3, '2021-12-28 19:20:22', '2021-12-28 19:20:22'),
(144, 145, 2, '07:00:00', '09:00:00', 2, 5, '2021-12-28 19:20:22', '2021-12-28 19:20:22'),
(145, 150, 21, '12:30:00', '14:00:00', 1.3, 2, '2021-12-28 19:20:22', '2021-12-28 19:20:22'),
(146, 150, 21, '12:30:00', '14:00:00', 1.3, 4, '2021-12-28 19:20:22', '2021-12-28 19:20:22'),
(147, 150, 2, '12:00:00', '14:00:00', 2, 1, '2021-12-28 19:20:22', '2021-12-28 19:20:22'),
(148, 155, 21, '08:00:00', '10:00:00', 2, 2, '2021-12-28 19:20:22', '2021-12-28 19:20:22'),
(149, 155, 21, '08:00:00', '10:00:00', 2, 4, '2021-12-28 19:20:22', '2021-12-28 19:20:22'),
(150, 131, 20, '19:00:00', '21:00:00', 2, 1, '2021-12-28 19:20:22', '2021-12-28 19:20:22'),
(151, 131, 20, '19:00:00', '21:00:00', 2, 5, '2021-12-28 19:20:22', '2021-12-28 19:20:22'),
(152, 136, 20, '16:00:00', '17:30:00', 1.3, 2, '2021-12-28 19:20:22', '2021-12-28 19:20:22'),
(153, 136, 20, '16:00:00', '17:30:00', 1.3, 4, '2021-12-28 19:20:22', '2021-12-28 19:20:22'),
(154, 141, 20, '19:00:00', '21:30:00', 2.3, 3, '2021-12-28 19:20:22', '2021-12-28 19:20:22'),
(155, 141, 20, '19:30:00', '22:00:00', 2.3, 4, '2021-12-28 19:20:22', '2021-12-28 19:20:22'),
(156, 141, 16, '19:30:00', '21:30:00', 2, 2, '2021-12-28 19:20:22', '2021-12-28 19:20:22'),
(157, 146, 20, '15:00:00', '17:30:00', 2.3, 3, '2021-12-28 19:20:22', '2021-12-28 19:20:22'),
(158, 146, 20, '15:00:00', '17:30:00', 2.3, 5, '2021-12-28 19:20:22', '2021-12-28 19:20:22'),
(159, 146, 2, '15:00:00', '17:00:00', 2, 1, '2021-12-28 19:20:22', '2021-12-28 19:20:22'),
(160, 151, 20, '17:30:00', '19:00:00', 1.3, 3, '2021-12-28 19:20:22', '2021-12-28 19:20:22'),
(161, 151, 20, '17:30:00', '19:00:00', 1.3, 5, '2021-12-28 19:20:22', '2021-12-28 19:20:22'),
(162, 151, 2, '17:00:00', '19:00:00', 2, 1, '2021-12-28 19:20:22', '2021-12-28 19:20:22'),
(163, 156, 20, '17:30:00', '19:30:00', 2, 2, '2021-12-28 19:20:22', '2021-12-28 19:20:22'),
(164, 156, 20, '17:30:00', '19:30:00', 2, 4, '2021-12-28 19:20:22', '2021-12-28 19:20:22'),
(165, 132, 19, '19:00:00', '21:00:00', 2, 1, '2021-12-28 19:20:22', '2021-12-28 19:20:22'),
(166, 132, 19, '19:00:00', '21:00:00', 2, 5, '2021-12-28 19:20:22', '2021-12-28 19:20:22'),
(167, 137, 19, '17:30:00', '19:00:00', 1.3, 1, '2021-12-28 19:20:22', '2021-12-28 19:20:22'),
(168, 137, 19, '17:30:00', '19:00:00', 1.3, 5, '2021-12-28 19:20:22', '2021-12-28 19:20:22'),
(169, 142, 19, '19:30:00', '22:00:00', 2.3, 2, '2021-12-28 19:20:22', '2021-12-28 19:20:22'),
(170, 142, 19, '19:00:00', '21:30:00', 2.3, 3, '2021-12-28 19:20:22', '2021-12-28 19:20:22'),
(171, 142, 16, '19:30:00', '21:30:00', 2, 4, '2021-12-28 19:20:22', '2021-12-28 19:20:22'),
(172, 147, 19, '15:00:00', '17:30:00', 2.3, 3, '2021-12-28 19:20:22', '2021-12-28 19:20:22'),
(173, 147, 19, '15:00:00', '17:30:00', 2.3, 5, '2021-12-28 19:20:22', '2021-12-28 19:20:22'),
(174, 147, 16, '15:30:00', '17:30:00', 2, 1, '2021-12-28 19:20:22', '2021-12-28 19:20:22'),
(175, 152, 19, '17:30:00', '19:00:00', 1.3, 3, '2021-12-28 19:20:22', '2021-12-28 19:20:22'),
(176, 152, 19, '16:00:00', '17:30:00', 1.3, 4, '2021-12-28 19:20:22', '2021-12-28 19:20:22'),
(177, 152, 2, '15:00:00', '17:00:00', 2, 2, '2021-12-28 19:20:22', '2021-12-28 19:20:22'),
(178, 157, 19, '17:30:00', '19:30:00', 2, 2, '2021-12-28 19:20:22', '2021-12-28 19:20:22'),
(179, 157, 19, '17:30:00', '19:30:00', 2, 4, '2021-12-28 19:20:22', '2021-12-28 19:20:22'),
(180, 316, 22, '11:00:00', '13:00:00', 2, 2, '2021-12-28 19:20:22', '2021-12-28 19:20:22'),
(181, 316, 22, '11:00:00', '13:00:00', 2, 4, '2021-12-28 19:20:22', '2021-12-28 19:20:22'),
(182, 317, 23, '11:00:00', '13:00:00', 2, 2, '2021-12-28 19:20:22', '2021-12-28 19:20:22'),
(183, 317, 23, '11:00:00', '13:00:00', 2, 3, '2021-12-28 19:20:22', '2021-12-28 19:20:22'),
(184, 317, 23, '11:00:00', '13:00:00', 2, 4, '2021-12-28 19:20:22', '2021-12-28 19:20:22'),
(185, 178, 23, '07:00:00', '09:00:00', 2, 2, '2021-12-28 20:14:56', '2021-12-28 20:14:56'),
(186, 178, 23, '07:00:00', '09:00:00', 2, 4, '2021-12-28 20:14:56', '2021-12-28 20:14:56'),
(187, 183, 23, '09:00:00', '11:00:00', 2, 2, '2021-12-28 20:14:56', '2021-12-28 20:14:56'),
(188, 183, 23, '09:00:00', '11:00:00', 2, 4, '2021-12-28 20:14:56', '2021-12-28 20:14:56'),
(189, 188, 23, '07:00:00', '09:00:00', 2, 3, '2021-12-28 20:14:56', '2021-12-28 20:14:56'),
(190, 188, 23, '07:00:00', '09:00:00', 2, 5, '2021-12-28 20:14:56', '2021-12-28 20:14:56'),
(191, 188, 2, '07:00:00', '09:00:00', 2, 1, '2021-12-28 20:14:56', '2021-12-28 20:14:56'),
(192, 188, 21, '09:00:00', '10:00:00', 1, 6, '2021-12-28 20:14:56', '2021-12-28 20:14:56'),
(193, 193, 23, '09:00:00', '11:00:00', 2, 1, '2021-12-28 20:14:56', '2021-12-28 20:14:56'),
(194, 193, 2, '09:00:00', '11:00:00', 2, 3, '2021-12-28 20:14:56', '2021-12-28 20:14:56'),
(195, 193, 23, '10:00:00', '12:00:00', 2, 5, '2021-12-28 20:14:56', '2021-12-28 20:14:56'),
(196, 198, 23, '11:00:00', '14:00:00', 3, 1, '2021-12-28 20:14:56', '2021-12-28 20:14:56'),
(197, 198, 16, '12:00:00', '14:00:00', 2, 5, '2021-12-28 20:14:56', '2021-12-28 20:14:56'),
(198, 318, 22, '11:00:00', '13:00:00', 2, 3, '2021-12-28 20:14:56', '2021-12-28 20:14:56'),
(199, 318, 16, '11:00:00', '13:00:00', 2, 2, '2021-12-28 20:14:56', '2021-12-28 20:14:56'),
(200, 318, 16, '11:00:00', '13:00:00', 2, 4, '2021-12-28 20:14:56', '2021-12-28 20:14:56'),
(201, 179, 22, '07:00:00', '09:00:00', 2, 2, '2021-12-28 20:14:56', '2021-12-28 20:14:56'),
(202, 179, 22, '07:00:00', '09:00:00', 2, 4, '2021-12-28 20:14:56', '2021-12-28 20:14:56'),
(203, 184, 22, '09:00:00', '11:00:00', 2, 2, '2021-12-28 20:14:56', '2021-12-28 20:14:56'),
(204, 184, 22, '09:00:00', '11:00:00', 2, 4, '2021-12-28 20:14:56', '2021-12-28 20:14:56'),
(205, 189, 22, '07:00:00', '09:00:00', 2, 3, '2021-12-28 20:14:56', '2021-12-28 20:14:56'),
(206, 189, 22, '07:00:00', '10:00:00', 2, 5, '2021-12-28 20:14:56', '2021-12-28 20:14:56'),
(207, 189, 13, '07:00:00', '09:00:00', 2, 1, '2021-12-28 20:14:56', '2021-12-28 20:14:56'),
(208, 194, 22, '09:00:00', '11:00:00', 2, 3, '2021-12-28 20:14:56', '2021-12-28 20:14:56'),
(209, 194, 22, '10:00:00', '12:00:00', 2, 5, '2021-12-28 20:14:56', '2021-12-28 20:14:56'),
(210, 194, 2, '09:00:00', '11:00:00', 2, 1, '2021-12-28 20:14:56', '2021-12-28 20:14:56'),
(211, 199, 14, '11:00:00', '14:00:00', 3, 2, '2021-12-28 20:14:56', '2021-12-28 20:14:56'),
(212, 199, 24, '11:00:00', '13:00:00', 2, 4, '2021-12-28 20:14:56', '2021-12-28 20:14:56'),
(213, 180, 14, '07:00:00', '09:00:00', 2, 2, '2021-12-28 20:14:56', '2021-12-28 20:14:56'),
(214, 180, 14, '07:00:00', '09:00:00', 2, 4, '2021-12-28 20:14:56', '2021-12-28 20:14:56'),
(215, 185, 14, '12:00:00', '14:00:00', 2, 1, '2021-12-28 20:14:56', '2021-12-28 20:14:56'),
(216, 185, 14, '13:00:00', '15:00:00', 2, 4, '2021-12-28 20:14:56', '2021-12-28 20:14:56'),
(217, 190, 14, '07:00:00', '10:00:00', 3, 1, '2021-12-28 20:14:56', '2021-12-28 20:14:56'),
(218, 190, 14, '07:00:00', '09:00:00', 2, 3, '2021-12-28 20:14:56', '2021-12-28 20:14:56'),
(219, 190, 16, '07:00:00', '09:00:00', 2, 5, '2021-12-28 20:14:56', '2021-12-28 20:14:56'),
(220, 195, 14, '09:00:00', '11:00:00', 2, 2, '2021-12-28 20:14:56', '2021-12-28 20:14:56'),
(221, 195, 14, '10:00:00', '12:00:00', 2, 5, '2021-12-28 20:14:56', '2021-12-28 20:14:56'),
(222, 195, 13, '09:00:00', '11:00:00', 2, 4, '2021-12-28 20:14:56', '2021-12-28 20:14:56'),
(223, 200, 14, '09:00:00', '11:00:00', 2, 3, '2021-12-28 20:14:56', '2021-12-28 20:14:56'),
(224, 200, 14, '09:00:00', '10:00:00', 1, 5, '2021-12-28 20:14:56', '2021-12-28 20:14:56'),
(225, 200, 13, '10:00:00', '12:00:00', 2, 1, '2021-12-28 20:14:56', '2021-12-28 20:14:56'),
(226, 319, 15, '15:30:00', '17:30:00', 2, 2, '2021-12-28 20:14:56', '2021-12-28 20:14:56'),
(227, 319, 15, '15:30:00', '17:30:00', 2, 4, '2021-12-28 20:14:56', '2021-12-28 20:14:56'),
(228, 181, 15, '17:30:00', '19:30:00', 2, 2, '2021-12-28 20:14:56', '2021-12-28 20:14:56'),
(229, 181, 15, '17:30:00', '19:30:00', 2, 4, '2021-12-28 20:14:56', '2021-12-28 20:14:56'),
(230, 186, 15, '19:30:00', '21:30:00', 2, 2, '2021-12-28 20:14:56', '2021-12-28 20:14:56'),
(231, 186, 15, '19:30:00', '21:30:00', 2, 4, '2021-12-28 20:14:56', '2021-12-28 20:14:56'),
(232, 191, 15, '15:30:00', '18:00:00', 2.3, 1, '2021-12-28 20:14:56', '2021-12-28 20:14:56'),
(234, 191, 15, '15:30:00', '18:00:00', 2.3, 3, '2021-12-28 20:14:56', '2021-12-28 20:14:56'),
(235, 191, 2, '16:00:00', '18:00:00', 2, 2, '2021-12-28 20:14:56', '2021-12-28 20:14:56'),
(236, 196, 15, '18:00:00', '20:00:00', 2, 1, '2021-12-28 20:14:56', '2021-12-28 20:14:56'),
(237, 196, 15, '18:00:00', '20:00:00', 2, 5, '2021-12-28 20:14:56', '2021-12-28 20:14:56'),
(238, 196, 16, '18:00:00', '20:00:00', 2, 3, '2021-12-28 20:14:56', '2021-12-28 20:14:56'),
(239, 201, 15, '20:00:00', '21:30:00', 1.3, 1, '2021-12-28 20:14:56', '2021-12-28 20:14:56'),
(240, 201, 15, '20:00:00', '21:30:00', 1.3, 3, '2021-12-28 20:14:56', '2021-12-28 20:14:56'),
(241, 201, 13, '20:00:00', '22:00:00', 2, 5, '2021-12-28 20:14:56', '2021-12-28 20:14:56'),
(242, 320, 23, '14:30:00', '17:30:00', 3, 2, '2021-12-28 20:14:56', '2021-12-28 20:14:56'),
(243, 320, 23, '14:30:00', '17:30:00', 3, 4, '2021-12-28 20:14:56', '2021-12-28 20:14:56'),
(244, 182, 22, '17:30:00', '19:30:00', 2, 2, '2021-12-28 20:14:56', '2021-12-28 20:14:56'),
(245, 182, 22, '17:30:00', '19:30:00', 2, 4, '2021-12-28 20:14:56', '2021-12-28 20:14:56'),
(246, 187, 22, '19:30:00', '21:30:00', 2, 2, '2021-12-28 20:14:56', '2021-12-28 20:14:56'),
(247, 187, 22, '19:30:00', '21:30:00', 2, 4, '2021-12-28 20:14:56', '2021-12-28 20:14:56'),
(248, 192, 22, '15:30:00', '18:00:00', 2.3, 1, '2021-12-28 20:14:56', '2021-12-28 20:14:56'),
(249, 192, 22, '15:30:00', '18:00:00', 2.3, 3, '2021-12-28 20:14:56', '2021-12-28 20:14:56'),
(250, 192, 13, '16:00:00', '18:00:00', 2, 5, '2021-12-28 20:14:56', '2021-12-28 20:14:56'),
(251, 197, 22, '18:00:00', '20:00:00', 2, 1, '2021-12-28 20:14:56', '2021-12-28 20:14:56'),
(252, 197, 22, '18:00:00', '20:00:00', 2, 5, '2021-12-28 20:14:56', '2021-12-28 20:14:56'),
(253, 197, 2, '18:00:00', '20:00:00', 2, 3, '2021-12-28 20:14:56', '2021-12-28 20:14:56'),
(254, 202, 22, '20:00:00', '21:30:00', 1.3, 1, '2021-12-28 20:14:56', '2021-12-28 20:14:56'),
(255, 202, 22, '20:00:00', '21:30:00', 1.3, 3, '2021-12-28 20:14:56', '2021-12-28 20:14:56'),
(256, 202, 2, '20:00:00', '22:00:00', 2, 5, '2021-12-28 20:14:56', '2021-12-28 20:14:56'),
(257, 321, 11, '11:00:00', '13:00:00', 2, 5, '2021-12-28 20:14:56', '2021-12-28 20:14:56'),
(258, 321, 13, '12:00:00', '14:00:00', 2, 1, '2021-12-28 20:14:56', '2021-12-28 20:14:56'),
(259, 321, 13, '11:00:00', '13:00:00', 2, 3, '2021-12-28 20:14:56', '2021-12-28 20:14:56'),
(260, 322, 11, '07:00:00', '09:00:00', 2, 5, '2021-12-28 20:14:56', '2021-12-28 20:14:56'),
(261, 322, 2, '07:00:00', '09:00:00', 2, 2, '2021-12-28 20:14:56', '2021-12-28 20:14:56'),
(262, 322, 2, '07:00:00', '09:00:00', 2, 4, '2021-12-28 20:14:56', '2021-12-28 20:14:56'),
(263, 228, 20, '09:00:00', '11:00:00', 2, 4, '2021-12-29 02:51:55', '2021-12-29 02:51:55'),
(264, 228, 19, '09:00:00', '11:00:00', 2, 2, '2021-12-29 02:51:55', '2021-12-29 02:51:55'),
(265, 323, 11, '07:00:00', '09:00:00', 2, 2, '2021-12-29 02:51:55', '2021-12-29 02:51:55'),
(266, 323, 2, '09:00:00', '11:00:00', 2, 4, '2021-12-29 02:51:55', '2021-12-29 02:51:55'),
(267, 323, 13, '07:00:00', '09:00:00', 2, 5, '2021-12-29 02:51:55', '2021-12-29 02:51:55'),
(268, 337, 20, '09:00:00', '11:00:00', 2, 5, '2021-12-29 02:51:55', '2021-12-29 02:51:55'),
(269, 337, 13, '11:00:00', '13:00:00', 2, 2, '2021-12-29 02:51:55', '2021-12-29 02:51:55'),
(270, 337, 13, '11:00:00', '13:00:00', 2, 4, '2021-12-29 02:51:55', '2021-12-29 02:51:55'),
(271, 229, 20, '07:00:00', '09:00:00', 2, 3, '2021-12-29 02:51:55', '2021-12-29 02:51:55'),
(272, 229, 19, '07:00:00', '09:00:00', 2, 1, '2021-12-29 02:51:55', '2021-12-29 02:51:55'),
(273, 234, 21, '07:00:00', '08:00:00', 1, 2, '2021-12-29 02:51:55', '2021-12-29 02:51:55'),
(274, 234, 11, '07:00:00', '09:00:00', 2, 4, '2021-12-29 02:51:55', '2021-12-29 02:51:55'),
(275, 324, 11, '11:00:00', '13:00:00', 2, 1, '2021-12-29 02:51:55', '2021-12-29 02:51:55'),
(276, 324, 2, '11:00:00', '13:00:00', 2, 2, '2021-12-29 02:51:55', '2021-12-29 02:51:55'),
(277, 293, 11, '09:00:00', '11:00:00', 2, 5, '2021-12-29 02:51:55', '2021-12-29 02:51:55'),
(278, 293, 16, '07:00:00', '09:00:00', 2, 2, '2021-12-29 02:51:55', '2021-12-29 02:51:55'),
(279, 293, 16, '07:00:00', '09:00:00', 2, 4, '2021-12-29 02:51:55', '2021-12-29 02:51:55'),
(280, 230, 11, '07:00:00', '09:00:00', 2, 1, '2021-12-29 02:51:55', '2021-12-29 02:51:55'),
(281, 230, 11, '07:00:00', '09:00:00', 2, 3, '2021-12-29 02:51:55', '2021-12-29 02:51:55'),
(282, 230, 12, '09:00:00', '11:00:00', 2, 1, '2021-12-29 02:51:55', '2021-12-29 02:51:55'),
(283, 230, 4, '07:00:00', '08:00:00', 1, 5, '2021-12-29 02:51:55', '2021-12-29 02:51:55'),
(284, 325, 15, '11:00:00', '13:00:00', 2, 5, '2021-12-29 02:51:55', '2021-12-29 02:51:55'),
(285, 325, 2, '13:00:00', '15:00:00', 2, 4, '2021-12-29 02:51:55', '2021-12-29 02:51:55'),
(286, 325, 2, '13:00:00', '15:00:00', 2, 5, '2021-12-29 02:51:55', '2021-12-29 02:51:55'),
(287, 326, 11, '13:00:00', '15:00:00', 2, 2, '2021-12-29 02:51:55', '2021-12-29 02:51:55'),
(288, 326, 16, '13:00:00', '15:00:00', 2, 1, '2021-12-29 02:51:55', '2021-12-29 02:51:55'),
(289, 326, 16, '13:00:00', '15:00:00', 2, 3, '2021-12-29 02:51:55', '2021-12-29 02:51:55'),
(290, 327, 11, '13:00:00', '15:00:00', 2, 1, '2021-12-29 02:51:55', '2021-12-29 02:51:55'),
(291, 327, 13, '13:00:00', '15:00:00', 2, 2, '2021-12-29 02:51:55', '2021-12-29 02:51:55'),
(292, 327, 13, '13:00:00', '15:00:00', 2, 4, '2021-12-29 02:51:55', '2021-12-29 02:51:55'),
(293, 233, 15, '07:00:00', '10:00:00', 3, 2, '2021-12-29 02:51:55', '2021-12-29 02:51:55'),
(294, 328, 11, '20:00:00', '22:00:00', 2, 5, '2021-12-29 02:51:55', '2021-12-29 02:51:55'),
(295, 328, 2, '19:00:00', '21:00:00', 2, 2, '2021-12-29 02:51:55', '2021-12-29 02:51:55'),
(296, 328, 2, '19:00:00', '21:00:00', 2, 4, '2021-12-29 02:51:55', '2021-12-29 02:51:55'),
(297, 294, 11, '18:00:00', '20:00:00', 2, 5, '2021-12-29 02:51:55', '2021-12-29 02:51:55'),
(298, 294, 2, '17:00:00', '19:00:00', 2, 2, '2021-12-29 02:51:55', '2021-12-29 02:51:55'),
(299, 294, 2, '17:00:00', '19:00:00', 2, 4, '2021-12-29 02:51:55', '2021-12-29 02:51:55'),
(300, 329, 11, '16:00:00', '18:00:00', 2, 1, '2021-12-29 02:51:55', '2021-12-29 02:51:55'),
(301, 329, 16, '16:00:00', '18:00:00', 2, 3, '2021-12-29 02:51:55', '2021-12-29 02:51:55'),
(302, 329, 16, '16:00:00', '18:00:00', 2, 5, '2021-12-29 02:51:55', '2021-12-29 02:51:55'),
(303, 231, 11, '19:30:00', '21:30:00', 2, 1, '2021-12-29 02:51:55', '2021-12-29 02:51:55'),
(304, 231, 11, '19:30:00', '21:30:00', 2, 3, '2021-12-29 02:51:55', '2021-12-29 02:51:55'),
(305, 231, 11, '18:00:00', '19:30:00', 1.3, 1, '2021-12-29 02:51:55', '2021-12-29 02:51:55'),
(306, 231, 11, '18:00:00', '19:30:00', 1.3, 3, '2021-12-29 02:51:55', '2021-12-29 02:51:55'),
(307, 330, 22, '15:00:00', '17:00:00', 2, 5, '2021-12-29 02:51:55', '2021-12-29 02:51:55'),
(308, 330, 13, '15:00:00', '17:00:00', 2, 2, '2021-12-29 02:51:55', '2021-12-29 02:51:55'),
(309, 330, 13, '15:00:00', '17:00:00', 2, 4, '2021-12-29 02:51:55', '2021-12-29 02:51:55'),
(310, 331, 21, '17:00:00', '19:00:00', 2, 5, '2021-12-29 02:51:55', '2021-12-29 02:51:55'),
(311, 331, 16, '17:00:00', '19:00:00', 2, 2, '2021-12-29 02:51:55', '2021-12-29 02:51:55'),
(312, 331, 16, '17:00:00', '19:00:00', 2, 4, '2021-12-29 02:51:55', '2021-12-29 02:51:55'),
(313, 332, 4, '19:00:00', '21:00:00', 2, 5, '2021-12-29 02:51:55', '2021-12-29 02:51:55'),
(314, 332, 13, '19:00:00', '21:00:00', 2, 2, '2021-12-29 02:51:55', '2021-12-29 02:51:55'),
(315, 332, 13, '19:00:00', '21:00:00', 2, 4, '2021-12-29 02:51:55', '2021-12-29 02:51:55'),
(316, 232, 23, '19:30:00', '21:30:00', 2, 1, '2021-12-29 02:51:55', '2021-12-29 02:51:55'),
(317, 232, 23, '19:30:00', '21:30:00', 2, 3, '2021-12-29 02:51:55', '2021-12-29 02:51:55'),
(318, 232, 23, '18:00:00', '19:30:00', 1.3, 1, '2021-12-29 02:51:55', '2021-12-29 02:51:55'),
(319, 232, 23, '18:00:00', '19:30:00', 1.3, 3, '2021-12-29 02:51:55', '2021-12-29 02:51:55'),
(320, 333, 23, '19:30:00', '21:30:00', 2, 2, '2021-12-29 02:51:55', '2021-12-29 02:51:55'),
(321, 333, 23, '19:30:00', '21:30:00', 2, 4, '2021-12-29 02:51:55', '2021-12-29 02:51:55'),
(322, 333, 23, '19:30:00', '21:30:00', 2, 5, '2021-12-29 02:51:55', '2021-12-29 02:51:55'),
(323, 334, 15, '16:00:00', '18:00:00', 2, 5, '2021-12-29 02:51:55', '2021-12-29 02:51:55'),
(324, 334, 13, '16:00:00', '18:00:00', 2, 1, '2021-12-29 02:51:55', '2021-12-29 02:51:55'),
(325, 334, 13, '16:00:00', '18:00:00', 2, 3, '2021-12-29 02:51:55', '2021-12-29 02:51:55'),
(326, 343, 23, '08:00:00', '13:00:00', 5, 6, '2021-12-31 04:35:18', '2021-12-31 04:35:18');

-- --------------------------------------------------------

--
-- Estructura de tabla para la tabla `inscripcion`
--

CREATE TABLE `inscripcion` (
  `id_inscripcion` int(15) NOT NULL,
  `id_usuarioalumno_fk` int(100) NOT NULL,
  `id_claveplan_fk` int(5) NOT NULL,
  `id_periodo_fk` int(100) NOT NULL,
  `fecha_inscripcion` date NOT NULL,
  `hora_inscripcion` time NOT NULL,
  `fecha_altas_bajas` date NOT NULL,
  `hora_altas_bajas` time NOT NULL,
  `estatus` int(2) NOT NULL,
  `updated_at` timestamp NOT NULL DEFAULT current_timestamp(),
  `created_at` timestamp NOT NULL DEFAULT current_timestamp()
) ENGINE=InnoDB DEFAULT CHARSET=utf8mb4 ROW_FORMAT=COMPACT;

--
-- Volcado de datos para la tabla `inscripcion`
--

INSERT INTO `inscripcion` (`id_inscripcion`, `id_usuarioalumno_fk`, `id_claveplan_fk`, `id_periodo_fk`, `fecha_inscripcion`, `hora_inscripcion`, `fecha_altas_bajas`, `hora_altas_bajas`, `estatus`, `updated_at`, `created_at`) VALUES
(1, 1, 9, 9, '2021-12-30', '03:47:11', '2021-12-30', '10:00:00', 1, '2021-11-26 00:14:14', '2021-11-26 00:14:14'),
(2, 2, 1316, 1, '2021-08-27', '10:00:00', '2021-09-10', '10:00:00', 1, '2021-11-26 00:15:28', '2021-11-26 00:15:28'),
(3, 3, 1119, 1, '2021-08-27', '10:05:00', '2021-09-10', '10:05:00', 1, '2021-11-26 00:15:50', '2021-11-26 00:15:50'),
(4, 4, 1119, 1, '2021-08-27', '10:05:00', '2021-09-10', '10:05:00', 1, '2021-11-26 00:15:57', '2021-11-26 00:15:57'),
(5, 5, 1119, 1, '2021-08-27', '10:10:00', '2021-09-10', '10:10:00', 1, '2021-11-26 00:16:11', '2021-11-26 00:16:11'),
(6, 6, 1119, 1, '2021-08-27', '10:10:00', '2021-09-10', '10:10:00', 1, '2021-11-26 00:16:17', '2021-11-26 00:16:17'),
(7, 2, 1119, 9, '2021-09-01', '08:10:00', '2021-09-01', '08:10:00', 1, '2021-12-26 17:11:33', '2021-12-26 17:11:33'),
(8, 5, 1119, 9, '2021-09-01', '08:10:00', '2021-09-01', '08:10:00', 1, '2021-12-26 17:11:33', '2021-12-26 17:11:33'),
(9, 6, 1119, 9, '2021-09-01', '08:10:00', '2021-09-01', '08:10:00', 1, '2021-12-26 17:14:45', '2021-12-26 17:14:45'),
(10, 19, 1119, 9, '2021-09-01', '08:10:00', '2021-09-01', '08:10:00', 1, '2021-12-26 17:14:45', '2021-12-26 17:14:45'),
(11, 20, 1119, 9, '2021-09-01', '08:10:00', '2021-09-01', '08:10:00', 1, '2021-12-26 17:14:45', '2021-12-26 17:14:45'),
(12, 46, 1119, 9, '2021-09-01', '08:10:00', '2021-09-01', '08:10:00', 1, '2021-12-26 17:14:45', '2021-12-26 17:14:45'),
(13, 48, 1119, 9, '2021-09-01', '08:10:00', '2021-09-01', '08:10:00', 1, '2021-12-26 17:14:45', '2021-12-26 17:14:45'),
(14, 49, 1119, 8, '2021-08-06', '08:22:30', '2021-08-13', '08:25:00', 1, '2021-12-26 18:25:57', '2021-12-26 18:25:57'),
(15, 4, 1119, 9, '2021-09-01', '15:25:14', '2021-09-08', '15:20:00', 1, '2021-12-26 19:37:18', '2021-12-26 19:37:18'),
(16, 8, 1119, 9, '2021-09-01', '08:27:07', '2021-09-08', '08:20:00', 1, '2021-12-26 19:37:18', '2021-12-26 19:37:18'),
(17, 27, 1119, 9, '2021-09-01', '08:25:00', '2021-09-08', '08:30:00', 1, '2021-12-26 19:40:29', '2021-12-26 19:40:29'),
(18, 30, 1119, 9, '2021-09-01', '15:40:00', '2021-09-08', '15:40:00', 1, '2021-12-26 19:40:29', '2021-12-26 19:40:29'),
(19, 50, 1119, 9, '2021-09-01', '08:25:25', '2021-09-08', '08:28:17', 1, '2021-12-26 19:40:29', '2021-12-26 19:40:29'),
(20, 3, 1119, 9, '2021-09-01', '08:24:31', '2021-09-08', '08:20:00', 1, '2021-12-26 19:44:13', '2021-12-26 19:44:13'),
(21, 4, 1119, 7, '2021-08-02', '16:16:00', '2021-08-02', '16:13:10', 1, '2021-12-26 21:59:40', '2021-12-26 21:59:40'),
(22, 12, 1119, 9, '2021-09-01', '09:17:00', '2021-09-08', '09:10:00', 1, '2021-12-26 22:40:44', '2021-12-26 22:40:44'),
(23, 13, 1119, 9, '2021-09-01', '09:19:00', '2021-09-08', '09:10:00', 1, '2021-12-26 22:42:04', '2021-12-26 22:42:04'),
(24, 14, 1119, 9, '2021-09-01', '09:21:00', '2021-09-08', '09:10:00', 1, '2021-12-26 22:42:04', '2021-12-26 22:42:04'),
(25, 18, 1119, 9, '2021-09-01', '09:20:00', '2021-09-08', '09:10:00', 1, '2021-12-26 22:42:04', '2021-12-26 22:42:04'),
(26, 26, 1119, 9, '2021-09-01', '09:24:00', '2021-09-08', '09:10:00', 1, '2021-12-26 22:42:04', '2021-12-26 22:42:04'),
(27, 51, 1119, 9, '2021-09-01', '09:15:00', '2021-09-08', '09:10:00', 1, '2021-12-26 22:42:04', '2021-12-26 22:42:04'),
(28, 52, 1119, 9, '2021-09-01', '09:13:00', '2021-09-08', '09:10:00', 1, '2021-12-26 22:42:04', '2021-12-26 22:42:04'),
(29, 23, 1119, 7, '2020-08-07', '09:14:16', '2020-08-21', '09:10:00', 1, '2021-12-27 01:33:58', '2021-12-27 01:33:58'),
(30, 22, 1119, 7, '2020-08-07', '09:18:00', '2020-08-21', '09:10:00', 1, '2021-12-27 01:36:58', '2021-12-27 01:36:58'),
(31, 25, 1119, 7, '2020-08-07', '09:20:00', '2020-08-21', '09:10:00', 1, '2021-12-27 01:36:58', '2021-12-27 01:36:58'),
(32, 17, 1119, 7, '2020-08-07', '09:25:00', '2020-08-14', '09:10:00', 1, '2021-12-27 01:36:58', '2021-12-27 01:36:58'),
(33, 54, 1119, 7, '2020-08-07', '09:21:00', '2020-08-21', '09:10:00', 1, '2021-12-27 01:36:58', '2021-12-27 01:36:58'),
(34, 24, 1119, 7, '2020-08-07', '09:21:00', '2020-08-21', '09:10:00', 1, '2021-12-27 01:36:58', '2021-12-27 01:36:58'),
(35, 53, 1119, 7, '2020-08-07', '09:29:00', '2020-08-21', '09:10:00', 1, '2021-12-27 01:36:58', '2021-12-27 01:36:58'),
(36, 23, 1119, 8, '2021-01-22', '09:53:18', '2021-01-29', '09:56:00', 1, '2021-12-27 05:44:44', '2021-12-27 05:44:44'),
(37, 22, 1119, 8, '2021-01-22', '09:53:30', '2021-01-29', '09:50:00', 1, '2021-12-27 05:44:44', '2021-12-27 05:44:44'),
(38, 25, 1119, 8, '2021-01-22', '09:59:00', '2021-01-29', '09:50:00', 1, '2021-12-27 05:44:44', '2021-12-27 05:44:44'),
(39, 17, 1119, 8, '2021-01-22', '10:03:00', '2021-01-29', '09:50:00', 1, '2021-12-27 05:44:44', '2021-12-27 05:44:44'),
(40, 54, 1119, 8, '2021-01-22', '10:20:00', '2021-01-29', '09:50:00', 1, '2021-12-27 05:44:44', '2021-12-27 05:44:44'),
(41, 24, 1119, 8, '2021-01-22', '09:55:00', '2021-01-29', '09:50:00', 1, '2021-12-27 05:44:44', '2021-12-27 05:44:44'),
(42, 53, 1119, 8, '2021-01-22', '09:59:00', '2021-01-29', '09:50:00', 1, '2021-12-27 05:44:44', '2021-12-27 05:44:44'),
(43, 23, 1119, 9, '2021-09-01', '10:24:00', '2021-09-06', '10:33:08', 1, '2021-12-27 06:30:13', '2021-12-27 06:30:13'),
(44, 22, 1119, 9, '2021-09-01', '10:38:00', '2021-09-06', '10:20:00', 1, '2021-12-27 06:30:13', '2021-12-27 06:30:13'),
(45, 25, 1119, 9, '2021-09-01', '10:32:00', '2021-09-06', '10:20:00', 1, '2021-12-27 06:30:13', '2021-12-27 06:30:13'),
(46, 17, 1119, 9, '2021-09-01', '10:38:00', '2021-09-06', '10:20:00', 1, '2021-12-27 06:30:13', '2021-12-27 06:30:13'),
(47, 54, 1119, 9, '2021-09-01', '10:41:00', '2021-09-06', '10:20:00', 1, '2021-12-27 06:30:13', '2021-12-27 06:30:13'),
(48, 24, 1119, 9, '2021-09-01', '10:27:00', '2021-09-06', '10:20:00', 1, '2021-12-27 06:30:13', '2021-12-27 06:30:13'),
(49, 53, 1119, 9, '2021-09-01', '10:34:00', '2021-09-06', '10:20:00', 1, '2021-12-27 06:30:13', '2021-12-27 06:30:13'),
(50, 55, 1119, 9, '2021-08-02', '08:24:21', '2021-08-16', '08:20:00', 1, '2021-12-27 07:01:28', '2021-12-27 07:01:28'),
(51, 56, 1119, 7, '2020-08-07', '10:31:18', '2020-08-21', '10:20:00', 1, '2021-12-27 16:21:45', '2021-12-27 16:21:45'),
(52, 56, 1119, 8, '2021-01-22', '11:07:34', '2021-01-29', '11:00:00', 1, '2021-12-27 16:21:45', '2021-12-27 16:21:45'),
(53, 56, 1119, 9, '2021-09-01', '11:49:00', '2021-09-08', '11:40:00', 1, '2021-12-27 16:21:45', '2021-12-27 16:21:45'),
(54, 21, 1119, 9, '2021-09-01', '11:49:00', '2021-09-08', '11:40:00', 1, '2021-12-27 16:21:45', '2021-12-27 16:21:45'),
(55, 28, 1119, 9, '2021-09-01', '11:44:00', '2021-09-08', '11:40:00', 1, '2021-12-27 16:21:45', '2021-12-27 16:21:45'),
(56, 22, 1119, 6, '2020-01-24', '11:10:00', '2020-01-31', '10:30:00', 1, '2021-12-31 02:27:28', '2021-12-31 02:27:28'),
(57, 21, 1119, 8, '2021-01-22', '08:00:00', '2020-08-21', '08:00:00', 1, '2021-12-31 04:54:33', '2021-12-31 04:54:33'),
(58, 21, 1119, 7, '2020-08-07', '08:00:00', '2020-08-21', '08:00:00', 1, '2021-12-31 05:00:33', '2021-12-31 05:00:33'),
(59, 21, 1119, 6, '2020-01-17', '08:00:00', '2020-01-24', '08:00:00', 1, '2021-12-31 05:00:33', '2021-12-31 05:00:33'),
(60, 21, 1119, 5, '2019-08-09', '08:00:00', '2019-08-23', '08:00:00', 1, '2021-12-31 05:00:33', '2021-12-31 05:00:33'),
(61, 21, 1119, 4, '2019-01-18', '08:00:00', '2019-01-25', '08:00:00', 1, '2021-12-31 05:00:33', '2021-12-31 05:00:33'),
(62, 21, 1119, 3, '2018-08-10', '08:00:00', '2018-08-17', '08:00:00', 1, '2021-12-31 05:00:33', '2021-12-31 05:00:33'),
(63, 21, 1119, 2, '2018-01-19', '08:00:00', '2018-01-26', '08:00:00', 1, '2021-12-31 05:00:33', '2021-12-31 05:00:33'),
(64, 21, 1119, 1, '2017-08-04', '08:00:00', '2017-08-25', '08:00:00', 1, '2021-12-31 05:00:33', '2021-12-31 05:00:33'),
(65, 45, 1387, 9, '2021-09-01', '08:00:00', '2021-09-01', '08:00:00', 1, '2022-01-01 22:53:03', '2022-01-01 22:53:03'),
(66, 34, 1316, 9, '2021-09-01', '08:00:00', '2021-09-01', '08:00:00', 1, '2022-01-01 22:57:51', '2022-01-01 22:57:51');

-- --------------------------------------------------------

--
-- Estructura de tabla para la tabla `movimiento`
--

CREATE TABLE `movimiento` (
  `id_inscripcion_fk` int(15) NOT NULL,
  `id_asignacion_fk` int(10) NOT NULL,
  `semestre` int(2) NOT NULL,
  `estatus` int(2) NOT NULL,
  `calificacion` varchar(2) NOT NULL,
  `aprobado` int(1) NOT NULL,
  `altas` int(1) NOT NULL,
  `created_at` timestamp NOT NULL DEFAULT current_timestamp(),
  `updated_at` timestamp NOT NULL DEFAULT current_timestamp()
) ENGINE=InnoDB DEFAULT CHARSET=utf8mb4;

--
-- Volcado de datos para la tabla `movimiento`
--

INSERT INTO `movimiento` (`id_inscripcion_fk`, `id_asignacion_fk`, `semestre`, `estatus`, `calificacion`, `aprobado`, `altas`, `created_at`, `updated_at`) VALUES
(2, 1, 0, 1, '10', 1, 1, '2021-12-03 02:29:19', '2021-12-03 02:29:19'),
(3, 1, 0, 1, '0', 0, 1, '2021-12-03 02:29:48', '2021-12-03 02:29:48'),
(4, 1, 0, 1, '0', 0, 1, '2021-12-03 02:29:56', '2021-12-03 02:29:56'),
(5, 1, 0, 1, '0', 0, 1, '2021-12-03 02:30:09', '2021-12-03 02:30:09'),
(5, 2, 0, 1, '0', 0, 1, '2021-12-17 08:06:14', '2021-12-17 08:06:14'),
(6, 1, 0, 1, '0', 0, 1, '2021-12-03 02:30:16', '2021-12-03 02:30:16'),
(7, 13, 1, 1, '10', 1, 1, '2021-12-26 17:22:22', '2021-12-26 17:22:22'),
(7, 18, 1, 1, '10', 1, 1, '2021-12-26 17:22:22', '2021-12-26 17:22:22'),
(7, 38, 1, 1, '10', 1, 1, '2021-12-26 18:03:51', '2021-12-26 18:03:51'),
(7, 43, 1, 1, '10', 1, 1, '2021-12-26 18:03:51', '2021-12-26 18:03:51'),
(7, 48, 1, 1, '10', 1, 1, '2021-12-26 18:03:51', '2021-12-26 18:03:51'),
(7, 53, 1, 1, '10', 1, 1, '2021-12-26 18:03:51', '2021-12-26 18:03:51'),
(7, 133, 1, 1, '10', 1, 1, '2021-12-26 18:03:51', '2021-12-26 18:03:51'),
(8, 14, 1, 1, '7', 1, 1, '2021-12-26 18:03:51', '2021-12-26 18:03:51'),
(8, 19, 1, 1, '7', 1, 1, '2021-12-26 18:03:51', '2021-12-26 18:03:51'),
(8, 39, 1, 1, '7', 1, 1, '2021-12-26 18:03:51', '2021-12-26 18:03:51'),
(8, 44, 1, 1, '7', 1, 1, '2021-12-26 18:03:51', '2021-12-26 18:03:51'),
(8, 49, 1, 1, '7', 1, 1, '2021-12-26 18:03:51', '2021-12-26 18:03:51'),
(8, 54, 1, 1, '7', 1, 1, '2021-12-26 18:03:51', '2021-12-26 18:03:51'),
(8, 134, 1, 1, '7', 1, 1, '2021-12-26 18:03:51', '2021-12-26 18:03:51'),
(9, 16, 1, 1, '10', 1, 1, '2021-12-26 18:03:51', '2021-12-26 18:03:51'),
(9, 21, 1, 1, '10', 1, 1, '2021-12-26 18:03:51', '2021-12-26 18:03:51'),
(9, 41, 1, 1, '10', 1, 1, '2021-12-26 18:03:51', '2021-12-26 18:03:51'),
(9, 46, 1, 1, '10', 1, 1, '2021-12-26 18:03:51', '2021-12-26 18:03:51'),
(9, 51, 1, 1, '10', 1, 1, '2021-12-26 18:03:51', '2021-12-26 18:03:51'),
(9, 56, 1, 1, '10', 1, 1, '2021-12-26 18:03:51', '2021-12-26 18:03:51'),
(9, 136, 1, 1, '10', 1, 1, '2021-12-26 18:03:51', '2021-12-26 18:03:51'),
(10, 17, 1, 1, '8', 1, 1, '2021-12-26 18:03:51', '2021-12-26 18:03:51'),
(10, 22, 1, 1, '8', 1, 1, '2021-12-26 18:03:51', '2021-12-26 18:03:51'),
(10, 42, 1, 1, '8', 1, 1, '2021-12-26 18:03:51', '2021-12-26 18:03:51'),
(10, 47, 1, 1, '8', 1, 1, '2021-12-26 18:03:51', '2021-12-26 18:03:51'),
(10, 52, 1, 1, '8', 1, 1, '2021-12-26 18:03:51', '2021-12-26 18:03:51'),
(10, 57, 1, 1, '8', 1, 1, '2021-12-26 18:03:51', '2021-12-26 18:03:51'),
(10, 137, 1, 1, '8', 1, 1, '2021-12-26 18:03:51', '2021-12-26 18:03:51'),
(11, 17, 1, 1, '9', 1, 1, '2021-12-26 18:03:51', '2021-12-26 18:03:51'),
(11, 22, 1, 1, '9', 1, 1, '2021-12-26 18:03:51', '2021-12-26 18:03:51'),
(11, 42, 1, 1, '7', 1, 1, '2021-12-26 18:03:51', '2021-12-26 18:03:51'),
(11, 47, 1, 1, '10', 1, 1, '2021-12-26 18:03:51', '2021-12-26 18:03:51'),
(11, 52, 1, 1, '9', 1, 1, '2021-12-26 18:03:51', '2021-12-26 18:03:51'),
(11, 57, 1, 1, '8', 1, 1, '2021-12-26 18:03:51', '2021-12-26 18:03:51'),
(11, 137, 1, 1, '8', 1, 1, '2021-12-26 18:03:51', '2021-12-26 18:03:51'),
(12, 13, 1, 1, '10', 1, 1, '2021-12-26 18:03:51', '2021-12-26 18:03:51'),
(12, 18, 1, 1, '9', 1, 1, '2021-12-26 18:03:51', '2021-12-26 18:03:51'),
(12, 39, 1, 1, '9', 1, 1, '2021-12-26 18:03:51', '2021-12-26 18:03:51'),
(12, 43, 1, 1, '10', 1, 1, '2021-12-26 18:03:51', '2021-12-26 18:03:51'),
(12, 48, 1, 1, '6', 1, 1, '2021-12-26 18:03:51', '2021-12-26 18:03:51'),
(12, 53, 1, 1, '10', 1, 1, '2021-12-26 18:03:51', '2021-12-26 18:03:51'),
(12, 133, 1, 1, '9', 1, 1, '2021-12-26 18:03:51', '2021-12-26 18:03:51'),
(13, 15, 1, 1, '10', 1, 1, '2021-12-26 18:03:51', '2021-12-26 18:03:51'),
(13, 20, 1, 1, '10', 1, 1, '2021-12-26 18:03:51', '2021-12-26 18:03:51'),
(13, 40, 1, 1, '10', 1, 1, '2021-12-26 18:03:51', '2021-12-26 18:03:51'),
(13, 45, 1, 1, '10', 1, 1, '2021-12-26 18:03:51', '2021-12-26 18:03:51'),
(13, 50, 1, 1, 'NP', 0, 1, '2021-12-26 18:03:51', '2021-12-26 18:03:51'),
(13, 55, 1, 1, '10', 1, 1, '2021-12-26 18:03:51', '2021-12-26 18:03:51'),
(13, 135, 1, 1, '10', 1, 1, '2021-12-26 18:03:51', '2021-12-26 18:03:51'),
(14, 260, 2, 1, '9', 1, 1, '2021-12-26 19:27:31', '2021-12-26 19:27:31'),
(14, 261, 2, 1, '7', 1, 1, '2021-12-26 19:27:31', '2021-12-26 19:27:31'),
(14, 262, 2, 1, '10', 1, 1, '2021-12-26 19:27:31', '2021-12-26 19:27:31'),
(14, 263, 2, 1, '10', 1, 1, '2021-12-26 19:27:31', '2021-12-26 19:27:31'),
(14, 264, 2, 1, '10', 1, 1, '2021-12-26 19:27:31', '2021-12-26 19:27:31'),
(14, 265, 2, 1, '9', 1, 1, '2021-12-26 19:27:31', '2021-12-26 19:27:31'),
(15, 61, 1, 1, '8', 1, 1, '2021-12-26 21:09:25', '2021-12-26 21:09:25'),
(15, 66, 1, 1, '6', 1, 1, '2021-12-26 21:09:25', '2021-12-26 21:09:25'),
(15, 71, 1, 1, '8', 1, 1, '2021-12-26 21:09:25', '2021-12-26 21:09:25'),
(15, 76, 1, 1, '9', 1, 1, '2021-12-26 21:09:25', '2021-12-26 21:09:25'),
(15, 81, 1, 1, '9', 1, 1, '2021-12-26 21:09:25', '2021-12-26 21:09:25'),
(15, 86, 1, 1, '10', 1, 1, '2021-12-26 21:09:25', '2021-12-26 21:09:25'),
(16, 59, 1, 1, '9', 1, 1, '2021-12-26 21:09:25', '2021-12-26 21:09:25'),
(16, 64, 1, 1, '10', 1, 1, '2021-12-26 21:09:25', '2021-12-26 21:09:25'),
(16, 69, 1, 1, '10', 1, 1, '2021-12-26 21:09:25', '2021-12-26 21:09:25'),
(16, 74, 1, 1, '9', 1, 1, '2021-12-26 21:09:25', '2021-12-26 21:09:25'),
(16, 79, 1, 1, '7', 1, 1, '2021-12-26 21:09:25', '2021-12-26 21:09:25'),
(16, 84, 1, 1, '10', 1, 1, '2021-12-26 21:09:25', '2021-12-26 21:09:25'),
(17, 60, 1, 1, '8', 1, 1, '2021-12-26 21:09:25', '2021-12-26 21:09:25'),
(17, 65, 1, 1, '8', 1, 1, '2021-12-26 21:09:25', '2021-12-26 21:09:25'),
(17, 70, 1, 1, '8', 1, 1, '2021-12-26 21:09:25', '2021-12-26 21:09:25'),
(17, 75, 1, 1, '7', 1, 1, '2021-12-26 21:09:25', '2021-12-26 21:09:25'),
(17, 80, 1, 1, '6', 1, 1, '2021-12-26 21:09:25', '2021-12-26 21:09:25'),
(17, 85, 1, 1, '6', 1, 1, '2021-12-26 21:09:25', '2021-12-26 21:09:25'),
(18, 62, 1, 1, '10', 1, 1, '2021-12-26 21:09:25', '2021-12-26 21:09:25'),
(18, 67, 1, 1, '8', 1, 1, '2021-12-26 21:09:25', '2021-12-26 21:09:25'),
(18, 72, 1, 1, '8', 1, 1, '2021-12-26 21:09:25', '2021-12-26 21:09:25'),
(18, 77, 1, 1, '8', 1, 1, '2021-12-26 21:09:25', '2021-12-26 21:09:25'),
(18, 82, 1, 1, '8', 1, 1, '2021-12-26 21:09:25', '2021-12-26 21:09:25'),
(18, 87, 1, 1, '8', 1, 1, '2021-12-26 21:09:25', '2021-12-26 21:09:25'),
(19, 58, 3, 1, '9', 1, 1, '2021-12-26 21:09:25', '2021-12-26 21:09:25'),
(19, 63, 3, 1, '9', 1, 1, '2021-12-26 21:09:25', '2021-12-26 21:09:25'),
(19, 68, 3, 1, '9', 1, 1, '2021-12-26 21:09:25', '2021-12-26 21:09:25'),
(19, 73, 3, 1, '10', 1, 1, '2021-12-26 21:09:25', '2021-12-26 21:09:25'),
(19, 78, 3, 1, '10', 1, 1, '2021-12-26 21:09:25', '2021-12-26 21:09:25'),
(19, 83, 3, 1, '9', 1, 1, '2021-12-26 21:09:25', '2021-12-26 21:09:25'),
(20, 58, 3, 1, '10', 1, 1, '2021-12-26 21:09:25', '2021-12-26 21:09:25'),
(20, 63, 3, 1, '7', 1, 1, '2021-12-26 21:09:25', '2021-12-26 21:09:25'),
(20, 68, 3, 1, '8', 1, 1, '2021-12-26 21:09:25', '2021-12-26 21:09:25'),
(20, 73, 3, 1, '9', 1, 1, '2021-12-26 21:09:25', '2021-12-26 21:09:25'),
(20, 78, 3, 1, '10', 1, 1, '2021-12-26 21:09:25', '2021-12-26 21:09:25'),
(20, 83, 3, 1, '9', 1, 1, '2021-12-26 21:09:25', '2021-12-26 21:09:25'),
(21, 266, 1, 1, '8', 1, 1, '2021-12-26 22:00:03', '2021-12-26 22:00:03'),
(21, 267, 1, 1, '8', 1, 1, '2021-12-26 22:00:03', '2021-12-26 22:00:03'),
(21, 268, 1, 1, '8', 1, 1, '2021-12-26 22:00:03', '2021-12-26 22:00:03'),
(21, 269, 1, 1, '8', 1, 1, '2021-12-26 22:00:03', '2021-12-26 22:00:03'),
(21, 270, 1, 1, '8', 1, 1, '2021-12-26 22:00:03', '2021-12-26 22:00:03'),
(21, 271, 1, 1, '5', 0, 1, '2021-12-26 22:00:03', '2021-12-26 22:00:03'),
(21, 272, 1, 1, '8', 1, 1, '2021-12-26 22:00:03', '2021-12-26 22:00:03'),
(22, 88, 5, 1, '9', 1, 1, '2021-12-27 01:14:44', '2021-12-27 01:14:44'),
(22, 93, 5, 1, '9', 1, 1, '2021-12-27 01:14:44', '2021-12-27 01:14:44'),
(22, 98, 5, 1, '9', 1, 1, '2021-12-27 01:14:44', '2021-12-27 01:14:44'),
(22, 103, 5, 1, '9', 1, 1, '2021-12-27 01:14:44', '2021-12-27 01:14:44'),
(22, 398, 5, 1, '7', 1, 1, '2021-12-31 04:51:19', '2021-12-31 04:51:19'),
(23, 89, 5, 1, '9', 1, 1, '2021-12-27 01:14:44', '2021-12-27 01:14:44'),
(23, 94, 5, 1, '9', 1, 1, '2021-12-27 01:14:44', '2021-12-27 01:14:44'),
(23, 99, 5, 1, '9', 1, 1, '2021-12-27 01:14:44', '2021-12-27 01:14:44'),
(23, 104, 5, 1, '9', 1, 1, '2021-12-27 01:14:44', '2021-12-27 01:14:44'),
(23, 273, 5, 1, '9', 1, 1, '2021-12-27 01:14:44', '2021-12-27 01:14:44'),
(23, 399, 5, 1, '9', 1, 1, '2021-12-31 04:51:19', '2021-12-31 04:51:19'),
(24, 90, 5, 1, '9', 1, 1, '2021-12-27 01:14:44', '2021-12-27 01:14:44'),
(24, 95, 5, 1, '9', 1, 1, '2021-12-27 01:14:44', '2021-12-27 01:14:44'),
(24, 100, 5, 1, '9', 1, 1, '2021-12-27 01:14:44', '2021-12-27 01:14:44'),
(24, 105, 5, 1, '9', 1, 1, '2021-12-27 01:14:44', '2021-12-27 01:14:44'),
(24, 274, 5, 1, '9', 1, 1, '2021-12-27 01:14:44', '2021-12-27 01:14:44'),
(24, 400, 5, 1, '9', 1, 1, '2021-12-31 04:51:19', '2021-12-31 04:51:19'),
(25, 88, 5, 1, '10', 1, 1, '2021-12-27 01:14:44', '2021-12-27 01:14:44'),
(25, 93, 5, 1, '10', 1, 1, '2021-12-27 01:14:44', '2021-12-27 01:14:44'),
(25, 98, 5, 1, '9', 1, 1, '2021-12-27 01:14:44', '2021-12-27 01:14:44'),
(25, 103, 5, 1, '8', 1, 1, '2021-12-27 01:14:44', '2021-12-27 01:14:44'),
(25, 275, 5, 1, '10', 1, 1, '2021-12-27 01:14:44', '2021-12-27 01:14:44'),
(25, 398, 5, 1, '9', 1, 1, '2021-12-31 04:51:19', '2021-12-31 04:51:19'),
(26, 91, 5, 1, '9', 1, 1, '2021-12-27 01:14:44', '2021-12-27 01:14:44'),
(26, 96, 5, 1, '9', 1, 1, '2021-12-27 01:14:44', '2021-12-27 01:14:44'),
(26, 101, 5, 1, '9', 1, 1, '2021-12-27 01:14:44', '2021-12-27 01:14:44'),
(26, 106, 5, 1, '9', 1, 1, '2021-12-27 01:14:44', '2021-12-27 01:14:44'),
(26, 275, 5, 1, '9', 1, 1, '2021-12-27 01:14:44', '2021-12-27 01:14:44'),
(26, 401, 5, 1, '8', 1, 1, '2021-12-31 04:51:19', '2021-12-31 04:51:19'),
(27, 92, 5, 1, '8', 1, 1, '2021-12-27 01:14:44', '2021-12-27 01:14:44'),
(27, 97, 5, 1, '8', 1, 1, '2021-12-27 01:14:44', '2021-12-27 01:14:44'),
(27, 102, 5, 1, '8', 1, 1, '2021-12-27 01:14:44', '2021-12-27 01:14:44'),
(27, 107, 5, 1, '8', 1, 1, '2021-12-27 01:14:44', '2021-12-27 01:14:44'),
(27, 275, 5, 1, '7', 1, 1, '2021-12-27 01:14:44', '2021-12-27 01:14:44'),
(27, 402, 5, 1, '10', 1, 1, '2021-12-31 04:51:19', '2021-12-31 04:51:19'),
(28, 89, 5, 1, '9', 1, 1, '2021-12-27 01:14:44', '2021-12-27 01:14:44'),
(28, 94, 5, 1, '9', 1, 1, '2021-12-27 01:14:44', '2021-12-27 01:14:44'),
(28, 99, 5, 1, '9', 1, 1, '2021-12-27 01:14:44', '2021-12-27 01:14:44'),
(28, 104, 5, 1, '9', 1, 1, '2021-12-27 01:14:44', '2021-12-27 01:14:44'),
(28, 275, 5, 1, '9', 1, 1, '2021-12-27 01:14:44', '2021-12-27 01:14:44'),
(28, 398, 5, 1, '10', 1, 1, '2021-12-31 04:51:19', '2021-12-31 04:51:19'),
(29, 279, 5, 1, '9', 1, 1, '2021-12-27 02:57:05', '2021-12-27 02:57:05'),
(29, 284, 5, 1, '6', 1, 1, '2021-12-27 02:57:05', '2021-12-27 02:57:05'),
(29, 289, 5, 1, '7', 1, 1, '2021-12-27 02:57:05', '2021-12-27 02:57:05'),
(29, 297, 5, 1, '10', 1, 1, '2021-12-27 02:57:05', '2021-12-27 02:57:05'),
(29, 401, 5, 1, '6', 1, 1, '2021-12-31 04:45:09', '2021-12-31 04:45:09'),
(30, 276, 5, 1, '9', 1, 1, '2021-12-27 02:57:05', '2021-12-27 02:57:05'),
(30, 281, 5, 1, '9', 1, 1, '2021-12-27 02:57:05', '2021-12-27 02:57:05'),
(30, 286, 5, 1, '8', 1, 1, '2021-12-27 02:57:05', '2021-12-27 02:57:05'),
(30, 296, 5, 1, '9', 1, 1, '2021-12-27 02:57:05', '2021-12-27 02:57:05'),
(30, 399, 5, 1, '9', 1, 1, '2021-12-31 04:43:53', '2021-12-31 04:43:53'),
(31, 277, 5, 1, '9', 1, 1, '2021-12-27 02:57:05', '2021-12-27 02:57:05'),
(31, 282, 5, 1, '10', 1, 1, '2021-12-27 02:57:05', '2021-12-27 02:57:05'),
(31, 287, 5, 1, '10', 1, 1, '2021-12-27 02:57:05', '2021-12-27 02:57:05'),
(31, 296, 5, 1, '9', 1, 1, '2021-12-27 02:57:05', '2021-12-27 02:57:05'),
(31, 398, 5, 1, '6', 1, 1, '2021-12-31 04:51:19', '2021-12-31 04:51:19'),
(32, 278, 5, 1, '9', 1, 1, '2021-12-27 02:57:05', '2021-12-27 02:57:05'),
(32, 283, 5, 1, '10', 1, 1, '2021-12-27 02:57:05', '2021-12-27 02:57:05'),
(32, 288, 5, 1, '10', 1, 1, '2021-12-27 02:57:05', '2021-12-27 02:57:05'),
(32, 296, 5, 1, '10', 1, 1, '2021-12-27 02:57:05', '2021-12-27 02:57:05'),
(32, 399, 5, 1, '8', 1, 1, '2021-12-31 04:51:19', '2021-12-31 04:51:19'),
(33, 276, 5, 1, '9', 1, 1, '2021-12-27 02:57:05', '2021-12-27 02:57:05'),
(33, 281, 5, 1, '9', 1, 1, '2021-12-27 02:57:05', '2021-12-27 02:57:05'),
(33, 286, 5, 1, '8', 1, 1, '2021-12-27 02:57:05', '2021-12-27 02:57:05'),
(33, 296, 5, 1, '9', 1, 1, '2021-12-27 02:57:05', '2021-12-27 02:57:05'),
(33, 400, 5, 1, '9', 1, 1, '2021-12-31 04:51:19', '2021-12-31 04:51:19'),
(34, 277, 7, 1, '10', 1, 1, '2021-12-27 02:57:05', '2021-12-27 02:57:05'),
(34, 282, 5, 1, '10', 1, 1, '2021-12-27 02:57:05', '2021-12-27 02:57:05'),
(34, 287, 5, 1, '10', 1, 1, '2021-12-27 02:57:05', '2021-12-27 02:57:05'),
(34, 296, 5, 1, '9', 1, 1, '2021-12-27 02:57:05', '2021-12-27 02:57:05'),
(34, 398, 5, 1, '10', 1, 1, '2021-12-31 04:51:19', '2021-12-31 04:51:19'),
(35, 278, 5, 1, '9', 1, 1, '2021-12-27 02:57:05', '2021-12-27 02:57:05'),
(35, 283, 5, 1, '10', 1, 1, '2021-12-27 02:57:05', '2021-12-27 02:57:05'),
(35, 288, 5, 1, '10', 1, 1, '2021-12-27 02:57:05', '2021-12-27 02:57:05'),
(35, 296, 5, 1, '10', 1, 1, '2021-12-27 02:57:05', '2021-12-27 02:57:05'),
(35, 399, 5, 1, '10', 1, 1, '2021-12-31 04:51:19', '2021-12-31 04:51:19'),
(36, 305, 6, 1, '10', 1, 1, '2021-12-27 06:20:35', '2021-12-27 06:20:35'),
(36, 310, 6, 1, '10', 1, 1, '2021-12-27 06:20:35', '2021-12-27 06:20:35'),
(36, 315, 6, 1, '10', 1, 1, '2021-12-27 06:20:35', '2021-12-27 06:20:35'),
(36, 320, 6, 1, '10', 1, 1, '2021-12-27 06:20:35', '2021-12-27 06:20:35'),
(36, 325, 6, 1, '10', 1, 1, '2021-12-27 06:20:35', '2021-12-27 06:20:35'),
(36, 328, 6, 1, '10', 1, 1, '2021-12-27 06:20:35', '2021-12-27 06:20:35'),
(37, 302, 6, 1, '8', 1, 1, '2021-12-27 06:20:35', '2021-12-27 06:20:35'),
(37, 307, 6, 1, '6', 1, 1, '2021-12-27 06:20:35', '2021-12-27 06:20:35'),
(37, 312, 6, 1, '7', 1, 1, '2021-12-27 06:20:35', '2021-12-27 06:20:35'),
(37, 317, 6, 1, '7', 1, 1, '2021-12-27 06:20:35', '2021-12-27 06:20:35'),
(37, 322, 6, 1, '9', 1, 1, '2021-12-27 06:20:35', '2021-12-27 06:20:35'),
(37, 328, 6, 1, '8', 1, 1, '2021-12-27 06:20:35', '2021-12-27 06:20:35'),
(37, 390, 4, 1, 'NP', 2, 1, '2021-12-31 02:28:43', '2021-12-31 02:28:43'),
(38, 303, 6, 1, '9', 1, 1, '2021-12-27 06:20:35', '2021-12-27 06:20:35'),
(38, 308, 6, 1, '7', 1, 1, '2021-12-27 06:20:35', '2021-12-27 06:20:35'),
(38, 313, 6, 1, '10', 1, 1, '2021-12-27 06:20:35', '2021-12-27 06:20:35'),
(38, 318, 6, 1, '10', 1, 1, '2021-12-27 06:20:35', '2021-12-27 06:20:35'),
(38, 323, 6, 1, '9', 1, 1, '2021-12-27 06:20:35', '2021-12-27 06:20:35'),
(38, 328, 6, 1, '8', 1, 1, '2021-12-27 06:20:35', '2021-12-27 06:20:35'),
(39, 304, 6, 1, '6', 1, 1, '2021-12-27 06:20:35', '2021-12-27 06:20:35'),
(39, 309, 6, 1, '10', 1, 1, '2021-12-27 06:20:35', '2021-12-27 06:20:35'),
(39, 314, 6, 1, '9', 1, 1, '2021-12-27 06:20:35', '2021-12-27 06:20:35'),
(39, 319, 6, 1, '9', 1, 1, '2021-12-27 06:20:35', '2021-12-27 06:20:35'),
(39, 324, 6, 1, '7', 1, 1, '2021-12-27 06:20:35', '2021-12-27 06:20:35'),
(39, 330, 6, 1, '8', 1, 1, '2021-12-27 06:20:35', '2021-12-27 06:20:35'),
(40, 302, 6, 1, '10', 1, 1, '2021-12-27 06:20:35', '2021-12-27 06:20:35'),
(40, 307, 6, 1, '10', 1, 1, '2021-12-27 06:20:35', '2021-12-27 06:20:35'),
(40, 312, 6, 1, '10', 1, 1, '2021-12-27 06:20:35', '2021-12-27 06:20:35'),
(40, 317, 6, 1, '9', 1, 1, '2021-12-27 06:20:35', '2021-12-27 06:20:35'),
(40, 322, 6, 1, '9', 1, 1, '2021-12-27 06:20:35', '2021-12-27 06:20:35'),
(40, 328, 6, 1, '9', 1, 1, '2021-12-27 06:20:35', '2021-12-27 06:20:35'),
(41, 303, 6, 1, '10', 1, 1, '2021-12-27 06:20:35', '2021-12-27 06:20:35'),
(41, 308, 6, 1, '10', 1, 1, '2021-12-27 06:20:35', '2021-12-27 06:20:35'),
(41, 313, 6, 1, '10', 1, 1, '2021-12-27 06:20:35', '2021-12-27 06:20:35'),
(41, 318, 6, 1, '9', 1, 1, '2021-12-27 06:20:35', '2021-12-27 06:20:35'),
(41, 323, 6, 1, '9', 1, 1, '2021-12-27 06:20:35', '2021-12-27 06:20:35'),
(41, 328, 6, 1, '9', 1, 1, '2021-12-27 06:20:35', '2021-12-27 06:20:35'),
(42, 304, 6, 1, '8', 1, 1, '2021-12-27 06:20:35', '2021-12-27 06:20:35'),
(42, 309, 6, 1, '9', 1, 1, '2021-12-27 06:20:35', '2021-12-27 06:20:35'),
(42, 314, 6, 1, '10', 1, 1, '2021-12-27 06:20:35', '2021-12-27 06:20:35'),
(42, 319, 6, 1, '10', 1, 1, '2021-12-27 06:20:35', '2021-12-27 06:20:35'),
(42, 324, 6, 1, '10', 1, 1, '2021-12-27 06:20:35', '2021-12-27 06:20:35'),
(42, 331, 6, 1, '10', 1, 1, '2021-12-27 06:20:35', '2021-12-27 06:20:35'),
(43, 111, 7, 1, '9', 1, 1, '2021-12-27 06:59:08', '2021-12-27 06:59:08'),
(43, 116, 7, 1, '10', 1, 1, '2021-12-27 06:59:08', '2021-12-27 06:59:08'),
(43, 121, 7, 1, '10', 1, 1, '2021-12-27 06:59:08', '2021-12-27 06:59:08'),
(43, 126, 7, 1, '10', 1, 1, '2021-12-27 06:59:08', '2021-12-27 06:59:08'),
(43, 131, 7, 1, '10', 1, 1, '2021-12-27 06:59:08', '2021-12-27 06:59:08'),
(43, 274, 7, 1, '9', 1, 1, '2021-12-27 06:59:08', '2021-12-27 06:59:08'),
(44, 108, 7, 1, '8', 1, 1, '2021-12-27 06:59:08', '2021-12-27 06:59:08'),
(44, 113, 7, 1, '8', 1, 1, '2021-12-27 06:59:08', '2021-12-27 06:59:08'),
(44, 118, 7, 1, '8', 1, 1, '2021-12-27 06:59:08', '2021-12-27 06:59:08'),
(44, 123, 7, 1, '10', 1, 1, '2021-12-27 06:59:08', '2021-12-27 06:59:08'),
(44, 128, 7, 1, '10', 1, 1, '2021-12-27 06:59:08', '2021-12-27 06:59:08'),
(44, 274, 7, 1, '10', 1, 1, '2021-12-27 06:59:08', '2021-12-27 06:59:08'),
(45, 109, 7, 1, '9', 1, 1, '2021-12-27 06:59:08', '2021-12-27 06:59:08'),
(45, 114, 7, 1, '6', 1, 1, '2021-12-27 06:59:08', '2021-12-27 06:59:08'),
(45, 119, 7, 1, '7', 1, 1, '2021-12-27 06:59:08', '2021-12-27 06:59:08'),
(45, 124, 7, 1, '7', 1, 1, '2021-12-27 06:59:08', '2021-12-27 06:59:08'),
(45, 129, 7, 1, '7', 1, 1, '2021-12-27 06:59:08', '2021-12-27 06:59:08'),
(45, 273, 7, 1, '10', 1, 1, '2021-12-27 06:59:08', '2021-12-27 06:59:08'),
(46, 12, 7, 1, '10', 1, 1, '2021-12-27 06:59:08', '2021-12-27 06:59:08'),
(46, 110, 7, 1, '8', 1, 1, '2021-12-27 06:59:08', '2021-12-27 06:59:08'),
(46, 115, 7, 1, '10', 1, 1, '2021-12-27 06:59:08', '2021-12-27 06:59:08'),
(46, 120, 7, 1, '10', 1, 1, '2021-12-27 06:59:08', '2021-12-27 06:59:08'),
(46, 125, 7, 1, '10', 1, 1, '2021-12-27 06:59:08', '2021-12-27 06:59:08'),
(46, 130, 7, 1, '10', 1, 1, '2021-12-27 06:59:08', '2021-12-27 06:59:08'),
(47, 108, 7, 1, '9', 1, 1, '2021-12-27 06:59:08', '2021-12-27 06:59:08'),
(47, 113, 7, 1, '10', 1, 1, '2021-12-27 06:59:08', '2021-12-27 06:59:08'),
(47, 118, 7, 1, '9', 1, 1, '2021-12-27 06:59:08', '2021-12-27 06:59:08'),
(47, 123, 7, 1, '10', 1, 1, '2021-12-27 06:59:08', '2021-12-27 06:59:08'),
(47, 128, 7, 1, '9', 1, 1, '2021-12-27 06:59:08', '2021-12-27 06:59:08'),
(47, 273, 7, 1, '10', 1, 1, '2021-12-27 06:59:08', '2021-12-27 06:59:08'),
(48, 109, 7, 1, '10', 1, 1, '2021-12-27 06:59:08', '2021-12-27 06:59:08'),
(48, 114, 7, 1, '7', 1, 1, '2021-12-27 06:59:08', '2021-12-27 06:59:08'),
(48, 119, 7, 1, '10', 1, 1, '2021-12-27 06:59:08', '2021-12-27 06:59:08'),
(48, 124, 7, 1, '10', 1, 1, '2021-12-27 06:59:08', '2021-12-27 06:59:08'),
(48, 129, 7, 1, '10', 1, 1, '2021-12-27 06:59:08', '2021-12-27 06:59:08'),
(48, 273, 7, 1, '10', 1, 1, '2021-12-27 06:59:08', '2021-12-27 06:59:08'),
(49, 110, 7, 1, '8', 1, 1, '2021-12-27 06:59:08', '2021-12-27 06:59:08'),
(49, 115, 7, 1, '9', 1, 1, '2021-12-27 06:59:08', '2021-12-27 06:59:08'),
(49, 120, 7, 1, '9', 1, 1, '2021-12-27 06:59:08', '2021-12-27 06:59:08'),
(49, 125, 7, 1, '10', 1, 1, '2021-12-27 06:59:08', '2021-12-27 06:59:08'),
(49, 130, 7, 1, '10', 1, 1, '2021-12-27 06:59:08', '2021-12-27 06:59:08'),
(49, 273, 7, 1, '10', 1, 1, '2021-12-27 06:59:08', '2021-12-27 06:59:08'),
(50, 58, 3, 1, '8', 1, 1, '2021-12-27 07:10:13', '2021-12-27 07:10:13'),
(50, 63, 3, 1, '6', 1, 1, '2021-12-27 07:10:13', '2021-12-27 07:10:13'),
(50, 68, 3, 1, '5', 1, 1, '2021-12-27 07:10:13', '2021-12-27 07:10:13'),
(50, 73, 3, 1, '5', 1, 1, '2021-12-27 07:10:13', '2021-12-27 07:10:13'),
(50, 78, 3, 1, '7', 1, 1, '2021-12-27 07:10:13', '2021-12-27 07:10:13'),
(50, 83, 3, 1, '9', 1, 1, '2021-12-27 07:10:13', '2021-12-27 07:10:13'),
(51, 332, 7, 1, '8', 1, 1, '2021-12-27 16:57:07', '2021-12-27 16:57:07'),
(51, 337, 7, 1, 'NP', 0, 1, '2021-12-27 16:57:07', '2021-12-27 16:57:07'),
(51, 342, 7, 1, '10', 1, 1, '2021-12-27 16:57:07', '2021-12-27 16:57:07'),
(51, 347, 7, 1, '7', 1, 1, '2021-12-27 16:57:07', '2021-12-27 16:57:07'),
(51, 352, 7, 1, '10', 1, 1, '2021-12-27 16:57:07', '2021-12-27 16:57:07'),
(51, 357, 7, 1, '9', 1, 1, '2021-12-27 16:57:07', '2021-12-27 16:57:07'),
(52, 361, 8, 1, '9', 1, 1, '2021-12-27 17:29:34', '2021-12-27 17:29:34'),
(52, 366, 8, 1, '8', 1, 1, '2021-12-27 17:29:34', '2021-12-27 17:29:34'),
(52, 371, 8, 1, '10', 1, 1, '2021-12-27 17:29:34', '2021-12-27 17:29:34'),
(52, 373, 8, 1, '8', 1, 1, '2021-12-27 17:29:34', '2021-12-27 17:29:34'),
(52, 375, 8, 1, '10', 1, 1, '2021-12-27 17:29:34', '2021-12-27 17:29:34'),
(53, 12, 9, 1, '8', 1, 1, '2021-12-27 18:20:19', '2021-12-27 18:20:19'),
(53, 377, 9, 1, '9', 1, 1, '2021-12-27 18:20:19', '2021-12-27 18:20:19'),
(53, 382, 9, 1, '8', 1, 1, '2021-12-27 18:20:19', '2021-12-27 18:20:19'),
(53, 387, 9, 1, '10', 1, 1, '2021-12-27 18:20:19', '2021-12-27 18:20:19'),
(54, 12, 9, 1, '9', 1, 1, '2021-12-27 18:20:19', '2021-12-27 18:20:19'),
(54, 378, 9, 1, '8', 1, 1, '2021-12-27 18:20:19', '2021-12-27 18:20:19'),
(54, 383, 9, 1, '10', 1, 1, '2021-12-27 18:20:19', '2021-12-27 18:20:19'),
(54, 449, 9, 1, '10', 1, 1, '2021-12-27 18:20:19', '2021-12-27 18:20:19'),
(55, 12, 9, 1, '10', 1, 1, '2021-12-27 18:20:19', '2021-12-27 18:20:19'),
(55, 379, 9, 1, '9', 1, 1, '2021-12-27 18:20:19', '2021-12-27 18:20:19'),
(55, 384, 9, 1, '10', 1, 1, '2021-12-27 18:20:19', '2021-12-27 18:20:19'),
(55, 387, 9, 1, '10', 1, 1, '2021-12-27 18:20:19', '2021-12-27 18:20:19'),
(56, 391, 4, 1, 'NP', 2, 1, '2021-12-31 02:28:43', '2021-12-31 02:28:43'),
(57, 362, 8, 1, '8', 1, 1, '2022-01-01 20:39:06', '2022-01-01 20:39:06'),
(57, 367, 8, 1, '8', 1, 1, '2022-01-01 20:39:06', '2022-01-01 20:39:06'),
(57, 371, 8, 1, '8', 1, 1, '2022-01-01 20:39:06', '2022-01-01 20:39:06'),
(57, 447, 8, 1, '9', 1, 1, '2022-01-01 20:39:06', '2022-01-01 20:39:06'),
(57, 448, 8, 1, '10', 1, 1, '2022-01-01 20:39:06', '2022-01-01 20:39:06'),
(58, 332, 7, 1, '9', 1, 1, '2022-01-01 20:06:21', '2022-01-01 20:06:21'),
(58, 337, 7, 1, '8', 1, 1, '2022-01-01 20:06:21', '2022-01-01 20:06:21'),
(58, 342, 7, 1, '6', 1, 1, '2022-01-01 20:06:21', '2022-01-01 20:06:21'),
(58, 347, 7, 1, '6', 1, 1, '2022-01-01 20:06:21', '2022-01-01 20:06:21'),
(58, 352, 7, 1, '7', 1, 1, '2022-01-01 20:06:21', '2022-01-01 20:06:21'),
(58, 446, 7, 1, '7', 1, 1, '2022-01-01 20:06:21', '2022-01-01 20:06:21'),
(59, 440, 6, 1, '10', 1, 1, '2022-01-01 19:57:00', '2022-01-01 19:57:00'),
(59, 441, 6, 1, '9', 1, 1, '2022-01-01 19:57:00', '2022-01-01 19:57:00'),
(59, 442, 6, 1, '8', 1, 1, '2022-01-01 19:57:00', '2022-01-01 19:57:00'),
(59, 443, 6, 1, '9', 1, 1, '2022-01-01 19:57:00', '2022-01-01 19:57:00'),
(59, 444, 6, 1, '9', 1, 1, '2022-01-01 19:57:00', '2022-01-01 19:57:00'),
(59, 445, 6, 1, '9', 1, 1, '2022-01-01 19:57:00', '2022-01-01 19:57:00'),
(60, 404, 5, 1, '9', 1, 1, '2022-01-01 19:48:05', '2022-01-01 19:48:05'),
(60, 435, 5, 1, '9', 1, 1, '2022-01-01 19:48:05', '2022-01-01 19:48:05'),
(60, 436, 5, 1, '8', 1, 1, '2022-01-01 19:48:05', '2022-01-01 19:48:05'),
(60, 437, 5, 1, '7', 1, 1, '2022-01-01 19:48:05', '2022-01-01 19:48:05'),
(60, 438, 5, 1, '9', 1, 1, '2022-01-01 19:48:05', '2022-01-01 19:48:05'),
(60, 439, 5, 1, '10', 1, 1, '2022-01-01 19:48:05', '2022-01-01 19:48:05'),
(61, 429, 4, 1, '10', 1, 1, '2022-01-01 19:20:52', '2022-01-01 19:20:52'),
(61, 430, 4, 1, '10', 1, 1, '2022-01-01 19:20:52', '2022-01-01 19:20:52'),
(61, 431, 4, 1, '10', 1, 1, '2022-01-01 19:20:52', '2022-01-01 19:20:52'),
(61, 432, 4, 1, '10', 1, 1, '2022-01-01 19:20:52', '2022-01-01 19:20:52'),
(61, 433, 4, 1, '10', 1, 1, '2022-01-01 19:20:52', '2022-01-01 19:20:52'),
(61, 434, 4, 1, '10', 1, 1, '2022-01-01 19:20:52', '2022-01-01 19:20:52'),
(62, 423, 3, 1, '10', 1, 1, '2022-01-01 19:16:00', '2022-01-01 19:16:00'),
(62, 424, 3, 1, '9', 1, 1, '2022-01-01 19:16:00', '2022-01-01 19:16:00'),
(62, 425, 3, 1, '9', 1, 1, '2022-01-01 19:16:00', '2022-01-01 19:16:00'),
(62, 426, 3, 1, '10', 1, 1, '2022-01-01 19:16:00', '2022-01-01 19:16:00'),
(62, 427, 3, 1, '10', 1, 1, '2022-01-01 19:16:00', '2022-01-01 19:16:00'),
(62, 428, 3, 1, '10', 1, 1, '2022-01-01 19:16:00', '2022-01-01 19:16:00'),
(63, 417, 2, 1, '8', 1, 1, '2022-01-01 19:07:36', '2022-01-01 19:07:36'),
(63, 418, 2, 1, '10', 1, 1, '2022-01-01 19:07:36', '2022-01-01 19:07:36'),
(63, 419, 2, 1, '9', 1, 1, '2022-01-01 19:07:36', '2022-01-01 19:07:36'),
(63, 420, 2, 1, '10', 1, 1, '2022-01-01 19:07:36', '2022-01-01 19:07:36'),
(63, 421, 2, 1, '10', 1, 1, '2022-01-01 19:07:36', '2022-01-01 19:07:36'),
(63, 422, 2, 1, '9', 1, 1, '2022-01-01 19:07:36', '2022-01-01 19:07:36'),
(64, 410, 1, 1, '9', 1, 1, '2022-01-01 18:59:49', '2022-01-01 18:59:49'),
(64, 411, 1, 1, '9', 1, 1, '2022-01-01 18:57:26', '2022-01-01 18:57:26'),
(64, 412, 1, 1, '7', 1, 1, '2022-01-01 18:59:49', '2022-01-01 18:59:49'),
(64, 413, 1, 1, '8', 1, 1, '2022-01-01 18:59:49', '2022-01-01 18:59:49'),
(64, 414, 1, 1, '10', 1, 1, '2022-01-01 18:59:49', '2022-01-01 18:59:49'),
(64, 415, 1, 1, '10', 1, 1, '2022-01-01 18:59:49', '2022-01-01 18:59:49'),
(64, 416, 1, 1, '9', 1, 1, '2022-01-01 18:59:49', '2022-01-01 18:59:49'),
(65, 23, 1, 1, '10', 1, 1, '2021-12-30 22:54:31', '2021-11-03 22:54:47'),
(66, 24, 1, 1, '10', 1, 1, '0000-00-00 00:00:00', '0000-00-00 00:00:00');

-- --------------------------------------------------------

--
-- Estructura de tabla para la tabla `periodo`
--

CREATE TABLE `periodo` (
  `id_periodo` int(100) NOT NULL,
  `periodo` varchar(6) NOT NULL,
  `fecha_inicio_dosificacion` date DEFAULT NULL,
  `fecha_fin_dosificacion` date DEFAULT NULL,
  `fecha_inicio_dosificacion_altasbajas` date DEFAULT NULL,
  `fecha_baja_dosificacion_altasbajas` date DEFAULT NULL,
  `fecha_inscripcion_inicio` date NOT NULL,
  `fecha_inscripcion_fin` date NOT NULL,
  `fecha_altas_bajas_inicio` date NOT NULL,
  `fecha_altas_bajas_fin` date NOT NULL,
  `fecha_periodo_inicio` date NOT NULL,
  `fecha_periodo_fin` date NOT NULL,
  `estatus` int(2) NOT NULL,
  `created_at` timestamp NOT NULL DEFAULT current_timestamp(),
  `updated_at` timestamp NOT NULL DEFAULT current_timestamp()
) ENGINE=InnoDB DEFAULT CHARSET=utf8mb4 ROW_FORMAT=COMPACT;

--
-- Volcado de datos para la tabla `periodo`
--

INSERT INTO `periodo` (`id_periodo`, `periodo`, `fecha_inicio_dosificacion`, `fecha_fin_dosificacion`, `fecha_inicio_dosificacion_altasbajas`, `fecha_baja_dosificacion_altasbajas`, `fecha_inscripcion_inicio`, `fecha_inscripcion_fin`, `fecha_altas_bajas_inicio`, `fecha_altas_bajas_fin`, `fecha_periodo_inicio`, `fecha_periodo_fin`, `estatus`, `created_at`, `updated_at`) VALUES
(1, '2018-1', '2022-01-01', '2022-01-01', NULL, NULL, '2017-07-31', '2017-08-04', '2017-08-21', '2017-08-25', '2017-07-31', '2018-01-12', 2, '2021-11-25 23:35:43', '2021-11-25 23:35:43'),
(2, '2018-2', '2022-01-01', '2022-01-01', NULL, NULL, '2018-01-15', '2018-01-19', '2018-01-22', '2018-01-26', '2018-01-15', '2018-05-25', 2, '2021-11-25 23:36:13', '2021-11-25 23:36:13'),
(3, '2019-1', '2022-01-01', '2022-01-01', NULL, NULL, '2018-08-06', '2018-08-10', '2018-08-13', '2018-08-17', '2018-08-06', '2019-01-04', 2, '2021-11-25 23:36:23', '2021-11-25 23:36:23'),
(4, '2019-2', '2022-01-01', '2022-01-01', NULL, NULL, '2019-01-14', '2019-01-18', '2019-01-21', '2019-01-25', '2019-01-14', '2019-05-31', 2, '2021-11-25 23:36:31', '2021-11-25 23:36:31'),
(5, '2020-1', '2022-01-01', '2022-01-01', NULL, NULL, '2019-08-05', '2019-08-09', '2019-08-12', '2019-08-23', '2019-08-05', '2020-01-03', 2, '2021-11-25 23:37:02', '2021-11-25 23:37:02'),
(6, '2020-2', '2022-01-01', '2022-01-01', NULL, NULL, '2020-01-13', '2020-01-17', '2020-01-20', '2020-01-24', '2020-01-13', '2020-05-22', 2, '2021-11-25 23:37:11', '2021-11-25 23:37:11'),
(7, '2021-1', '2022-01-01', '2022-01-01', NULL, NULL, '2020-08-03', '2020-08-07', '2020-08-17', '2020-08-21', '2020-08-03', '2021-01-08', 2, '2021-11-25 23:37:20', '2021-11-25 23:37:20'),
(8, '2021-2', '2022-01-01', '2022-01-01', NULL, NULL, '2021-01-18', '2021-01-22', '2021-01-26', '2021-01-29', '2021-01-18', '2021-05-21', 2, '2021-11-25 23:37:28', '2021-11-25 23:37:28'),
(9, '2022-1', '2022-01-01', '2022-01-01', NULL, NULL, '2021-08-30', '2021-09-03', '2021-09-07', '2021-09-10', '2021-08-30', '2022-01-14', 1, '2021-12-07 02:45:48', '2021-12-07 02:45:48'),
(10, '2022-2', '2022-01-01', '2022-01-01', NULL, NULL, '2022-01-24', '2022-01-24', '2022-02-07', '2022-02-11', '2022-01-24', '2022-05-13', 2, '2021-12-24 21:06:04', '2021-12-24 21:06:04');

-- --------------------------------------------------------

--
-- Estructura de tabla para la tabla `plandeestudios`
--

CREATE TABLE `plandeestudios` (
  `id_plan` int(10) NOT NULL,
  `id_carrera_fk` int(5) NOT NULL,
  `anio_plan` varchar(4) NOT NULL,
  `nombre_plan` varchar(100) NOT NULL,
  `creditos_obligatorios` int(5) NOT NULL,
  `creditos_optativos` int(5) NOT NULL,
  `creditos_totales` int(5) NOT NULL,
  `semestres` int(3) NOT NULL,
  `maximo_creditos` int(2) DEFAULT NULL,
  `minimo_creditos` int(2) NOT NULL,
  `maximo_semestres` int(2) NOT NULL,
  `minimo_materias` int(1) NOT NULL,
  `maximo_materias` int(1) DEFAULT NULL,
  `estatus` int(2) NOT NULL,
  `updated_at` timestamp NOT NULL DEFAULT current_timestamp(),
  `created_at` timestamp NOT NULL DEFAULT current_timestamp()
) ENGINE=InnoDB DEFAULT CHARSET=utf8mb4;

--
-- Volcado de datos para la tabla `plandeestudios`
--

INSERT INTO `plandeestudios` (`id_plan`, `id_carrera_fk`, `anio_plan`, `nombre_plan`, `creditos_obligatorios`, `creditos_optativos`, `creditos_totales`, `semestres`, `maximo_creditos`, `minimo_creditos`, `maximo_semestres`, `minimo_materias`, `maximo_materias`, `estatus`, `updated_at`, `created_at`) VALUES
(9, 11, '1990', 'Lic. Informática', 439, 8, 447, 10, 68, 6, 15, 1, NULL, 1, '2021-11-25 21:30:11', '2021-11-25 21:30:11'),
(1092, 24, '2002', 'Lic. en Diseño y comunicación Visual', 390, 40, 430, 9, 68, 4, 14, 1, NULL, 1, '2021-12-22 03:11:19', '2021-12-22 03:11:19'),
(1118, 20, '2005', 'Ing. Química', 349, 56, 405, 9, 68, 2, 14, 1, NULL, 1, '2021-12-22 02:45:37', '2021-12-22 02:45:37'),
(1119, 11, '2005', 'Lic. en Informática', 359, 72, 431, 9, 68, 6, 13, 1, 8, 1, '2021-11-25 21:29:06', '2021-11-25 21:29:06'),
(1122, 12, '2005', 'Lic. en Química', 330, 74, 404, 9, 68, 3, 14, 1, NULL, 1, '2021-12-22 01:33:39', '2021-12-22 01:33:39'),
(1136, 16, '2005', 'Ing. en Alimentos', 320, 80, 400, 9, 68, 6, 14, 1, NULL, 1, '2021-12-22 02:36:41', '2021-12-22 02:36:41'),
(1140, 18, '2005', 'Ing. Agrícola', 437, 12, 499, 10, 68, 2, 15, 1, NULL, 1, '2021-12-22 02:41:46', '2021-12-22 02:41:46'),
(1316, 14, '2009', 'Lic. en Bioquímica Diagnóstica', 298, 72, 370, 8, 68, 2, 12, 1, NULL, 1, '2021-12-22 02:32:39', '2021-12-22 02:32:39'),
(1317, 15, '2009', 'Lic. en Farmacia', 300, 72, 372, 8, 68, 2, 12, 1, NULL, 1, '2021-12-22 02:34:42', '2021-12-22 02:34:42'),
(1318, 10, '2009', 'Lic. en Contaduría', 376, 40, 416, 9, 68, 2, 14, 1, NULL, 1, '2021-12-22 02:53:08', '2021-12-22 02:53:08'),
(1323, 10, '2009', 'Lic. en Contaduría - Comercio Exterior', 376, 40, 416, 9, 68, 6, 13, 1, NULL, 1, '2021-11-25 21:36:51', '2021-11-25 21:36:51'),
(1387, 9, '2010', 'Lic. en Administración', 380, 24, 404, 9, 68, 4, 14, 1, NULL, 1, '2021-12-22 02:54:18', '2021-12-22 02:54:18'),
(1498, 19, '2012', 'Ing. Mecánico Electricista', 400, 16, 416, 9, 68, 4, 14, 1, NULL, 1, '2021-12-22 02:43:21', '2021-12-22 02:43:21'),
(1505, 17, '2012', 'Lic. en Medicina Veterinaria y Zootecnia', 361, 56, 417, 10, 68, 4, 15, 1, NULL, 1, '2021-12-22 02:38:34', '2021-12-22 02:38:34'),
(1506, 17, '2012', 'Lic. en Medicina Veterinaria y Zootecnia', 361, 56, 417, 10, 68, 4, 15, 1, NULL, 1, '2021-12-22 02:40:00', '2021-12-22 02:40:00'),
(1543, 23, '2012', 'Lic. en Ingeniería en Telecomunicaciones, Sistemas y Electrónica', 372, 40, 412, 9, 68, 6, 14, 1, NULL, 1, '2021-12-22 02:50:40', '2021-12-22 02:50:40'),
(1549, 22, '2012', 'Lic. en Ingeniería Industrial', 366, 40, 406, 9, 68, 4, 14, 1, NULL, 1, '2021-12-22 02:48:32', '2021-12-22 02:48:32'),
(1600, 13, '2013', 'Lic. en Química Industrial', 350, 16, 366, 8, 68, 4, 12, 1, NULL, 1, '2021-12-22 02:30:06', '2021-12-22 02:30:06'),
(1608, 24, '2013', 'Lic. en Diseño y Comunicación Visual', 390, 40, 430, 9, 68, 4, 14, 1, NULL, 1, '2021-12-22 03:01:43', '2021-12-22 03:01:43');

-- --------------------------------------------------------

--
-- Estructura de tabla para la tabla `plantel`
--

CREATE TABLE `plantel` (
  `id_plantel` int(5) NOT NULL,
  `id_facultad_fk` int(5) NOT NULL,
  `nombre` varchar(50) NOT NULL,
  `created_at` timestamp NOT NULL DEFAULT current_timestamp(),
  `updated_at` timestamp NOT NULL DEFAULT current_timestamp()
) ENGINE=InnoDB DEFAULT CHARSET=utf8mb4 ROW_FORMAT=COMPACT;

--
-- Volcado de datos para la tabla `plantel`
--

INSERT INTO `plantel` (`id_plantel`, `id_facultad_fk`, `nombre`, `created_at`, `updated_at`) VALUES
(102, 3, 'F.E.S. CUAUTITLÁN (ARTES PLÁSTICAS)', '2021-11-25 21:04:32', '2021-11-25 21:04:32'),
(105, 3, 'F.E.S. CUAUTITLÁN (QUÍMICA)', '2021-11-25 21:06:06', '2021-11-25 21:06:06'),
(106, 3, 'F.E.S CUAUTITLÁN (CONTADURÍA)', '2021-11-25 21:06:06', '2021-11-25 21:06:06'),
(111, 3, 'F.E.S. CUAUTITLÁN (INGENIERÍA)', '2021-11-25 21:08:44', '2021-11-25 21:08:44'),
(116, 3, 'F.E.S. CUAUTITLÁN (VETERINARIA) ', '2021-12-21 11:23:40', '2021-12-21 11:23:40'),
(118, 3, 'F.E.S. CUAUTITLÁN (AGRÍCOLA) ', '2021-12-21 11:24:29', '2021-12-21 11:24:29'),
(195, 3, 'F.E.S. CUAUTITLÁN (TECNOLOGÍA) ', '2021-12-21 11:25:42', '2021-12-21 11:25:42');

-- --------------------------------------------------------

--
-- Estructura de tabla para la tabla `plantel_carrera`
--

CREATE TABLE `plantel_carrera` (
  `id_carrera_fk` int(5) NOT NULL,
  `id_plantel_fk` int(5) NOT NULL,
  `aciertos_minimos` int(5) NOT NULL,
  `promedio_minimo` double NOT NULL,
  `cupo` int(5) NOT NULL,
  `updated_at` timestamp NOT NULL DEFAULT current_timestamp(),
  `created_at` timestamp NOT NULL DEFAULT current_timestamp()
) ENGINE=InnoDB DEFAULT CHARSET=utf8mb4 ROW_FORMAT=COMPACT;

--
-- Volcado de datos para la tabla `plantel_carrera`
--

INSERT INTO `plantel_carrera` (`id_carrera_fk`, `id_plantel_fk`, `aciertos_minimos`, `promedio_minimo`, `cupo`, `updated_at`, `created_at`) VALUES
(9, 106, 68, 7, 245, '2021-11-25 23:24:09', '2021-11-25 23:24:09'),
(10, 106, 62, 7, 355, '2021-11-25 23:23:08', '2021-11-25 23:23:08'),
(11, 106, 69, 7, 79, '2021-11-25 23:23:08', '2021-11-25 23:23:08'),
(12, 105, 0, 0, 0, '2021-12-23 18:40:59', '2021-12-23 18:40:59'),
(13, 105, 0, 0, 0, '2021-12-23 18:40:59', '2021-12-23 18:40:59'),
(14, 105, 0, 0, 0, '2021-12-23 18:42:06', '2021-12-23 18:42:06'),
(15, 105, 0, 0, 0, '2021-12-23 18:50:39', '2021-12-23 18:50:39'),
(16, 105, 0, 0, 0, '2021-12-23 18:53:39', '2021-12-23 18:53:39'),
(17, 116, 0, 0, 0, '2021-12-23 18:53:58', '2021-12-23 18:53:58'),
(18, 118, 0, 0, 0, '2021-12-23 18:54:14', '2021-12-23 18:54:14'),
(19, 111, 0, 0, 0, '2021-12-23 18:54:14', '2021-12-23 18:54:14'),
(20, 105, 0, 0, 0, '2021-12-23 18:54:31', '2021-12-23 18:54:31'),
(21, 195, 0, 0, 0, '2021-12-23 18:54:31', '2021-12-23 18:54:31'),
(22, 111, 0, 0, 0, '2021-12-23 18:54:31', '2021-12-23 18:54:31'),
(23, 111, 0, 0, 0, '2021-12-23 18:55:05', '2021-12-23 18:55:05'),
(24, 102, 0, 0, 0, '2021-12-23 18:55:05', '2021-12-23 18:55:05');

-- --------------------------------------------------------

--
-- Estructura de tabla para la tabla `profesor`
--

CREATE TABLE `profesor` (
  `usuario_id_fk` int(100) NOT NULL,
  `estatus` int(1) NOT NULL,
  `updated_at` timestamp NOT NULL DEFAULT current_timestamp(),
  `created_at` timestamp NOT NULL DEFAULT current_timestamp()
) ENGINE=InnoDB DEFAULT CHARSET=utf8mb4 ROW_FORMAT=COMPACT;

--
-- Volcado de datos para la tabla `profesor`
--

INSERT INTO `profesor` (`usuario_id_fk`, `estatus`, `updated_at`, `created_at`) VALUES
(1, 1, '2021-12-17 20:39:20', '2021-12-17 20:39:20'),
(3, 1, '2021-11-25 22:58:30', '2021-11-25 22:58:30'),
(5, 1, '2021-11-25 22:58:30', '2021-11-25 22:58:30'),
(7, 1, '2021-11-25 22:59:03', '2021-11-25 22:59:03'),
(9, 1, '2021-11-25 22:59:03', '2021-11-25 22:59:03'),
(31, 1, '2021-12-23 03:41:39', '2021-12-23 03:41:39'),
(57, 1, '2021-12-23 03:44:12', '2021-12-23 03:44:12'),
(58, 1, '2021-12-23 03:44:12', '2021-12-23 03:44:12'),
(59, 1, '2021-12-23 03:44:12', '2021-12-23 03:44:12'),
(60, 1, '2021-12-23 03:44:12', '2021-12-23 03:44:12'),
(61, 1, '2021-12-23 03:44:12', '2021-12-23 03:44:12'),
(62, 1, '2021-12-23 03:44:12', '2021-12-23 03:44:12'),
(63, 1, '2021-12-23 03:44:12', '2021-12-23 03:44:12'),
(64, 1, '2021-12-23 03:44:12', '2021-12-23 03:44:12'),
(65, 1, '2021-12-23 03:44:12', '2021-12-23 03:44:12'),
(66, 1, '2021-12-23 03:44:12', '2021-12-23 03:44:12'),
(67, 1, '2021-12-23 03:44:12', '2021-12-23 03:44:12'),
(68, 1, '2021-12-23 03:44:12', '2021-12-23 03:44:12'),
(69, 1, '2021-12-23 03:44:12', '2021-12-23 03:44:12'),
(70, 1, '2021-12-23 03:44:12', '2021-12-23 03:44:12'),
(71, 1, '2021-12-23 03:44:12', '2021-12-23 03:44:12'),
(72, 1, '2021-12-23 03:44:12', '2021-12-23 03:44:12'),
(73, 1, '2021-12-23 03:44:12', '2021-12-23 03:44:12'),
(74, 1, '2021-12-23 03:44:12', '2021-12-23 03:44:12'),
(75, 1, '2021-12-23 03:44:12', '2021-12-23 03:44:12'),
(76, 1, '2021-12-23 03:44:12', '2021-12-23 03:44:12'),
(77, 1, '2021-12-23 19:01:33', '2021-12-23 19:01:33'),
(78, 1, '2021-12-23 19:01:33', '2021-12-23 19:01:33'),
(79, 1, '2021-12-23 19:02:52', '2021-12-23 19:02:52'),
(80, 1, '2021-12-23 19:02:52', '2021-12-23 19:02:52'),
(81, 1, '2021-12-23 19:02:52', '2021-12-23 19:02:52'),
(82, 1, '2021-12-23 19:02:52', '2021-12-23 19:02:52'),
(83, 1, '2021-12-23 19:02:52', '2021-12-23 19:02:52'),
(84, 1, '2021-12-23 19:02:52', '2021-12-23 19:02:52'),
(85, 1, '2021-12-23 19:02:52', '2021-12-23 19:02:52'),
(86, 1, '2021-12-23 19:02:52', '2021-12-23 19:02:52'),
(87, 1, '2021-12-23 19:02:52', '2021-12-23 19:02:52'),
(88, 1, '2021-12-23 19:02:52', '2021-12-23 19:02:52'),
(89, 1, '2021-12-23 19:02:52', '2021-12-23 19:02:52'),
(90, 1, '2021-12-23 19:02:52', '2021-12-23 19:02:52'),
(91, 1, '2021-12-23 19:02:52', '2021-12-23 19:02:52'),
(92, 1, '2021-12-23 19:02:52', '2021-12-23 19:02:52'),
(93, 1, '2021-12-23 19:02:52', '2021-12-23 19:02:52'),
(94, 1, '2021-12-23 19:02:52', '2021-12-23 19:02:52'),
(95, 1, '2021-12-23 19:02:52', '2021-12-23 19:02:52'),
(96, 1, '2021-12-23 19:02:52', '2021-12-23 19:02:52'),
(97, 1, '2021-12-23 19:02:52', '2021-12-23 19:02:52'),
(98, 1, '2021-12-23 19:02:52', '2021-12-23 19:02:52'),
(99, 1, '2021-12-23 19:02:52', '2021-12-23 19:02:52'),
(100, 1, '2021-12-23 19:02:52', '2021-12-23 19:02:52'),
(101, 1, '2021-12-23 19:04:51', '2021-12-23 19:04:51'),
(102, 1, '2021-12-23 19:04:51', '2021-12-23 19:04:51'),
(103, 1, '2021-12-23 19:04:51', '2021-12-23 19:04:51'),
(104, 1, '2021-12-23 19:04:51', '2021-12-23 19:04:51'),
(105, 1, '2021-12-23 19:04:51', '2021-12-23 19:04:51'),
(106, 1, '2021-12-23 19:04:51', '2021-12-23 19:04:51'),
(107, 1, '2021-12-23 19:04:51', '2021-12-23 19:04:51'),
(108, 1, '2021-12-23 19:04:51', '2021-12-23 19:04:51'),
(109, 1, '2021-12-23 19:04:51', '2021-12-23 19:04:51'),
(110, 1, '2021-12-23 19:04:51', '2021-12-23 19:04:51'),
(111, 1, '2021-12-23 19:04:51', '2021-12-23 19:04:51'),
(112, 1, '2021-12-23 19:04:51', '2021-12-23 19:04:51'),
(113, 1, '2021-12-23 19:04:51', '2021-12-23 19:04:51'),
(114, 1, '2021-12-23 19:04:51', '2021-12-23 19:04:51'),
(115, 1, '2021-12-23 19:04:51', '2021-12-23 19:04:51'),
(116, 1, '2021-12-23 19:04:51', '2021-12-23 19:04:51'),
(117, 1, '2021-12-23 19:04:51', '2021-12-23 19:04:51'),
(118, 1, '2021-12-23 19:04:51', '2021-12-23 19:04:51'),
(119, 1, '2021-12-23 19:04:51', '2021-12-23 19:04:51'),
(120, 1, '2021-12-23 19:04:51', '2021-12-23 19:04:51'),
(121, 1, '2021-12-23 19:04:51', '2021-12-23 19:04:51'),
(122, 1, '2021-12-23 19:04:51', '2021-12-23 19:04:51'),
(123, 1, '2021-12-23 19:04:51', '2021-12-23 19:04:51'),
(124, 1, '2021-12-23 19:04:51', '2021-12-23 19:04:51'),
(125, 1, '2021-12-23 19:06:35', '2021-12-23 19:06:35'),
(126, 1, '2021-12-23 19:06:35', '2021-12-23 19:06:35'),
(127, 1, '2021-12-23 19:06:35', '2021-12-23 19:06:35'),
(128, 1, '2021-12-23 19:06:35', '2021-12-23 19:06:35'),
(129, 1, '2021-12-23 19:06:35', '2021-12-23 19:06:35'),
(130, 1, '2021-12-23 19:06:35', '2021-12-23 19:06:35'),
(131, 1, '2021-12-23 19:06:35', '2021-12-23 19:06:35'),
(132, 1, '2021-12-23 19:06:35', '2021-12-23 19:06:35'),
(133, 1, '2021-12-23 19:06:35', '2021-12-23 19:06:35'),
(134, 1, '2021-12-23 19:06:35', '2021-12-23 19:06:35'),
(135, 1, '2021-12-23 19:06:35', '2021-12-23 19:06:35'),
(136, 1, '2021-12-23 19:06:35', '2021-12-23 19:06:35'),
(137, 1, '2021-12-23 19:06:35', '2021-12-23 19:06:35'),
(138, 1, '2021-12-23 19:06:35', '2021-12-23 19:06:35'),
(139, 1, '2021-12-23 19:06:35', '2021-12-23 19:06:35'),
(140, 1, '2021-12-23 19:06:35', '2021-12-23 19:06:35'),
(141, 1, '2021-12-23 19:06:35', '2021-12-23 19:06:35'),
(142, 1, '2021-12-23 19:06:35', '2021-12-23 19:06:35'),
(143, 1, '2021-12-23 19:06:35', '2021-12-23 19:06:35'),
(144, 1, '2021-12-23 19:06:35', '2021-12-23 19:06:35'),
(145, 1, '2021-12-23 19:06:35', '2021-12-23 19:06:35'),
(146, 1, '2021-12-23 19:06:35', '2021-12-23 19:06:35'),
(147, 1, '2021-12-23 19:06:35', '2021-12-23 19:06:35'),
(148, 1, '2021-12-23 19:06:35', '2021-12-23 19:06:35'),
(149, 1, '2021-12-23 19:07:05', '2021-12-23 19:07:05'),
(150, 1, '2021-12-23 19:07:05', '2021-12-23 19:07:05'),
(151, 1, '2021-12-23 19:07:05', '2021-12-23 19:07:05'),
(152, 1, '2021-12-23 19:07:05', '2021-12-23 19:07:05'),
(153, 1, '2021-12-23 19:07:05', '2021-12-23 19:07:05'),
(154, 1, '2021-12-23 19:07:05', '2021-12-23 19:07:05'),
(155, 1, '2021-12-23 19:07:05', '2021-12-23 19:07:05'),
(156, 1, '2021-12-23 19:07:05', '2021-12-23 19:07:05'),
(157, 1, '2021-12-25 17:58:28', '2021-12-25 17:58:28');

-- --------------------------------------------------------

--
-- Estructura de tabla para la tabla `profesor_departamento`
--

CREATE TABLE `profesor_departamento` (
  `usuarioprofesor_id_fk` int(100) NOT NULL,
  `created_at` timestamp NOT NULL DEFAULT current_timestamp(),
  `updated_at` timestamp NOT NULL DEFAULT current_timestamp(),
  `estatus` int(1) NOT NULL,
  `departamento_id_fk` varchar(15) NOT NULL
) ENGINE=InnoDB DEFAULT CHARSET=utf8mb4;

--
-- Volcado de datos para la tabla `profesor_departamento`
--

INSERT INTO `profesor_departamento` (`usuarioprofesor_id_fk`, `created_at`, `updated_at`, `estatus`, `departamento_id_fk`) VALUES
(1, '2021-12-22 04:30:09', '2021-12-22 04:30:09', 1, '0302CADMINISTRA'),
(3, '2021-12-22 04:30:09', '2021-12-22 04:30:09', 1, '0303COMPUTO'),
(31, '2021-12-23 03:55:41', '2021-12-23 03:55:41', 1, '0303COMPUTO'),
(57, '2021-12-23 04:18:49', '2021-12-23 04:18:49', 1, '00000106'),
(58, '2021-12-23 04:18:49', '2021-12-23 04:18:49', 1, '00000106'),
(59, '2021-12-23 04:18:49', '2021-12-23 04:18:49', 1, '00000105'),
(60, '2021-12-23 04:18:49', '2021-12-23 04:18:49', 1, '00000195'),
(61, '2021-12-23 04:18:49', '2021-12-23 04:18:49', 1, '0302CADMINISTRA'),
(62, '2021-12-23 04:18:49', '2021-12-23 04:18:49', 1, '0201CQUIMICAS'),
(63, '2021-12-23 04:18:49', '2021-12-23 04:18:49', 1, '0301CSOCIALES'),
(64, '2021-12-23 04:18:49', '2021-12-23 04:18:49', 1, '0401DISEÑOCOM'),
(65, '2021-12-23 04:18:49', '2021-12-23 04:18:49', 1, '0401DISEÑOCOM'),
(66, '2021-12-23 04:18:49', '2021-12-23 04:18:49', 1, '0203CBIOLOGICAS'),
(67, '2021-12-23 04:18:49', '2021-12-23 04:18:49', 1, '0204CAGRICOLAS'),
(68, '2021-12-23 04:18:49', '2021-12-23 04:18:49', 1, '0103INGENIERIA'),
(68, '2021-12-23 16:08:49', '2021-12-23 16:08:49', 1, '0302CADMINISTRA'),
(69, '2021-12-23 04:18:49', '2021-12-23 04:18:49', 1, '0104FISICA'),
(70, '2021-12-23 04:18:49', '2021-12-23 04:18:49', 1, '0101MATEMATICAS'),
(71, '2021-12-23 04:18:49', '2021-12-23 04:18:49', 1, '0103INGENIERIA'),
(72, '2021-12-23 04:18:49', '2021-12-23 04:18:49', 1, '0201CQUIMICAS'),
(73, '2021-12-23 04:18:49', '2021-12-23 04:18:49', 1, '0202CPECUARIAS'),
(74, '2021-12-23 04:18:49', '2021-12-23 04:18:49', 1, '0103INGENIERIA'),
(75, '2021-12-23 04:18:49', '2021-12-23 04:18:49', 1, '0201CQUIMICAS'),
(76, '2021-12-23 04:18:49', '2021-12-23 04:18:49', 1, '0102INGENYT'),
(77, '2021-12-23 19:16:13', '2021-12-23 19:16:13', 1, '0303COMPUTO'),
(78, '2021-12-23 19:16:13', '2021-12-23 19:16:13', 1, '00000106'),
(79, '2021-12-23 19:17:58', '2021-12-23 19:17:58', 1, '0303COMPUTO'),
(80, '2021-12-23 19:17:58', '2021-12-23 19:17:58', 1, '0101MATEMATICAS'),
(81, '2021-12-23 19:25:50', '2021-12-23 19:25:50', 1, '0303COMPUTO'),
(82, '2021-12-23 19:25:50', '2021-12-23 19:25:50', 1, '0301CSOCIALES'),
(83, '2021-12-23 19:25:50', '2021-12-23 19:25:50', 1, '0303COMPUTO'),
(84, '2021-12-23 19:25:50', '2021-12-23 19:25:50', 1, '0103INGENIERIA'),
(85, '2021-12-23 19:25:50', '2021-12-23 19:25:50', 1, '0301CSOCIALES'),
(86, '2021-12-23 19:25:50', '2021-12-23 19:25:50', 1, '0101MATEMATICAS'),
(87, '2021-12-23 19:25:50', '2021-12-23 19:25:50', 88, '0302CADMINISTRA'),
(88, '2021-12-23 19:25:50', '2021-12-23 19:25:50', 1, '0302CADMINISTRA'),
(89, '2021-12-23 19:25:50', '2021-12-23 19:25:50', 1, '0303COMPUTO'),
(90, '2021-12-23 19:30:16', '2021-12-23 19:30:16', 1, '0103INGENIERIA'),
(90, '2021-12-23 19:25:50', '2021-12-23 19:25:50', 1, '0303COMPUTO'),
(91, '2021-12-23 19:30:16', '2021-12-23 19:30:16', 1, '0103INGENIERIA'),
(92, '2021-12-23 19:30:16', '2021-12-23 19:30:16', 1, '0101MATEMATICAS'),
(93, '2021-12-23 19:30:16', '2021-12-23 19:30:16', 1, '0301CSOCIALES'),
(94, '2021-12-23 19:30:16', '2021-12-23 19:30:16', 1, '0302CADMINISTRA'),
(95, '2021-12-23 19:30:16', '2021-12-23 19:30:16', 1, '0303COMPUTO'),
(96, '2021-12-23 19:30:16', '2021-12-23 19:30:16', 1, '0303COMPUTO'),
(97, '2021-12-23 19:30:16', '2021-12-23 19:30:16', 1, '0103INGENIERIA'),
(98, '2021-12-23 19:30:16', '2021-12-23 19:30:16', 1, '0302CADMINISTRA'),
(99, '2021-12-23 19:30:16', '2021-12-23 19:30:16', 1, '0303COMPUTO'),
(100, '2021-12-23 19:36:14', '2021-12-23 19:36:14', 1, '00000111'),
(101, '2021-12-23 19:36:14', '2021-12-23 19:36:14', 1, '0301CSOCIALES'),
(102, '2021-12-23 19:36:14', '2021-12-23 19:36:14', 1, '0302CADMINISTRA'),
(103, '2021-12-23 19:36:14', '2021-12-23 19:36:14', 1, '0103INGENIERIA'),
(104, '2021-12-23 19:36:14', '2021-12-23 19:36:14', 1, '0303COMPUTO'),
(105, '2021-12-23 19:36:14', '2021-12-23 19:36:14', 1, '0101MATEMATICAS'),
(106, '2021-12-23 19:36:14', '2021-12-23 19:36:14', 1, '00000111'),
(107, '2021-12-23 19:36:14', '2021-12-23 19:36:14', 1, '0301CSOCIALES'),
(108, '2021-12-23 19:36:14', '2021-12-23 19:36:14', 1, '0303COMPUTO'),
(109, '2021-12-23 19:36:14', '2021-12-23 19:36:14', 1, '0303COMPUTO'),
(110, '2021-12-23 19:41:54', '2021-12-23 19:41:54', 1, '00000106'),
(111, '2021-12-23 19:41:54', '2021-12-23 19:41:54', 1, '0301CSOCIALES'),
(112, '2021-12-23 19:41:54', '2021-12-23 19:41:54', 1, '0303COMPUTO'),
(113, '2021-12-23 19:41:54', '2021-12-23 19:41:54', 1, '0301CSOCIALES'),
(114, '2021-12-23 19:41:54', '2021-12-23 19:41:54', 1, '0303COMPUTO'),
(115, '2021-12-23 19:41:54', '2021-12-23 19:41:54', 1, '0303COMPUTO'),
(116, '2021-12-23 19:41:54', '2021-12-23 19:41:54', 1, '0301CSOCIALES'),
(117, '2021-12-23 19:41:54', '2021-12-23 19:41:54', 1, '00000106'),
(118, '2021-12-23 19:41:54', '2021-12-23 19:41:54', 1, '0303COMPUTO'),
(119, '2021-12-23 19:41:54', '2021-12-23 19:41:54', 1, '0103INGENIERIA'),
(120, '2021-12-23 19:47:06', '2021-12-23 19:47:06', 1, '0301CSOCIALES'),
(121, '2021-12-23 19:47:06', '2021-12-23 19:47:06', 1, '0301CSOCIALES'),
(122, '2021-12-23 19:47:06', '2021-12-23 19:47:06', 1, '0303COMPUTO'),
(123, '2021-12-23 19:47:06', '2021-12-23 19:47:06', 1, '0101MATEMATICAS'),
(124, '2021-12-23 19:47:06', '2021-12-23 19:47:06', 1, '0301CSOCIALES'),
(125, '2021-12-23 19:47:06', '2021-12-23 19:47:06', 1, '00000106'),
(126, '2021-12-23 19:47:06', '2021-12-23 19:47:06', 1, '00000106'),
(127, '2021-12-23 19:47:06', '2021-12-23 19:47:06', 1, '00000106'),
(128, '2021-12-23 19:47:06', '2021-12-23 19:47:06', 1, '00000106'),
(129, '2021-12-23 19:47:06', '2021-12-23 19:47:06', 1, '0303COMPUTO'),
(130, '2021-12-23 19:50:29', '2021-12-23 19:50:29', 1, '00000106'),
(131, '2021-12-23 19:50:29', '2021-12-23 19:50:29', 1, '0301CSOCIALES'),
(132, '2021-12-23 19:50:29', '2021-12-23 19:50:29', 1, '0303COMPUTO'),
(133, '2021-12-23 19:50:29', '2021-12-23 19:50:29', 1, '0303COMPUTO'),
(134, '2021-12-23 19:50:29', '2021-12-23 19:50:29', 1, '00000106'),
(135, '2021-12-23 19:50:29', '2021-12-23 19:50:29', 1, '0302CADMINISTRA'),
(136, '2021-12-23 19:50:29', '2021-12-23 19:50:29', 1, '00000106'),
(137, '2021-12-23 19:50:29', '2021-12-23 19:50:29', 1, '0303COMPUTO'),
(138, '2021-12-23 19:50:29', '2021-12-23 19:50:29', 1, '0303COMPUTO'),
(139, '2021-12-23 19:50:29', '2021-12-23 19:50:29', 1, '0303COMPUTO'),
(140, '2021-12-23 19:55:06', '2021-12-23 19:55:06', 1, '0301CSOCIALES'),
(141, '2021-12-23 19:55:06', '2021-12-23 19:55:06', 1, '0303COMPUTO'),
(142, '2021-12-23 19:55:06', '2021-12-23 19:55:06', 1, '0301CSOCIALES'),
(143, '2021-12-23 19:55:06', '2021-12-23 19:55:06', 1, '0303COMPUTO'),
(144, '2021-12-23 19:55:06', '2021-12-23 19:55:06', 1, '0301CSOCIALES'),
(145, '2021-12-23 19:55:06', '2021-12-23 19:55:06', 1, '00000106'),
(146, '2021-12-23 19:55:06', '2021-12-23 19:55:06', 1, '0303COMPUTO'),
(147, '2021-12-23 19:55:06', '2021-12-23 19:55:06', 1, '0301CSOCIALES'),
(148, '2021-12-23 19:55:06', '2021-12-23 19:55:06', 1, '00000106'),
(149, '2021-12-23 19:55:06', '2021-12-23 19:55:06', 1, '00000111'),
(150, '2021-12-23 19:57:47', '2021-12-23 19:57:47', 1, '00000106'),
(151, '2021-12-23 19:57:47', '2021-12-23 19:57:47', 1, '0303COMPUTO'),
(152, '2021-12-23 19:57:47', '2021-12-23 19:57:47', 1, '0301CSOCIALES'),
(153, '2021-12-23 19:57:47', '2021-12-23 19:57:47', 1, '0301CSOCIALES'),
(154, '2021-12-23 19:57:47', '2021-12-23 19:57:47', 1, '0303COMPUTO'),
(155, '2021-12-23 19:57:47', '2021-12-23 19:57:47', 1, '0303COMPUTO'),
(156, '2021-12-23 19:57:47', '2021-12-23 19:57:47', 1, '0301CSOCIALES'),
(157, '2021-12-25 17:59:38', '2021-12-25 17:59:38', 1, '00000106');

-- --------------------------------------------------------

--
-- Estructura de tabla para la tabla `salon`
--

CREATE TABLE `salon` (
  `id_salon` int(5) NOT NULL,
  `id_edificio_fk` int(5) NOT NULL,
  `clave` varchar(50) NOT NULL,
  `updated_at` timestamp NOT NULL DEFAULT current_timestamp(),
  `created_at` timestamp NOT NULL DEFAULT current_timestamp()
) ENGINE=InnoDB DEFAULT CHARSET=utf8mb4;

--
-- Volcado de datos para la tabla `salon`
--

INSERT INTO `salon` (`id_salon`, `id_edificio_fk`, `clave`, `updated_at`, `created_at`) VALUES
(1, 1, '1006', '2021-11-25 21:20:50', '2021-11-25 21:20:50'),
(2, 2, '1105', '2021-11-25 21:20:50', '2021-11-25 21:20:50'),
(3, 1, '1001', '2021-11-25 21:21:52', '2021-11-25 21:21:52'),
(4, 2, '1101', '2021-11-25 21:21:52', '2021-11-25 21:21:52'),
(5, 3, '1201', '2021-11-25 21:22:30', '2021-11-25 21:22:30'),
(6, 4, '0901', '2021-11-25 21:22:30', '2021-11-25 21:22:30'),
(7, 1, '1002', '2021-11-25 21:22:57', '2021-11-25 21:22:57'),
(8, 1, '1003', '2021-11-25 21:22:57', '2021-11-25 21:22:57'),
(9, 1, '1004', '2021-11-25 21:23:28', '2021-11-25 21:23:28'),
(10, 1, '1005', '2021-11-25 21:23:28', '2021-11-25 21:23:28'),
(11, 3, '1205', '2021-12-27 21:40:45', '2021-12-27 21:40:45'),
(12, 11, '212', '2021-12-27 21:49:42', '2021-12-27 21:49:42'),
(13, 12, 'LAB 3', '2021-12-28 00:23:49', '2021-12-28 00:23:49'),
(14, 11, '211', '2021-12-28 00:42:18', '2021-12-28 00:42:18'),
(15, 11, '213', '2021-12-28 00:44:31', '2021-12-28 00:44:31'),
(16, 2, '1104', '2021-12-28 00:48:20', '2021-12-28 00:48:20'),
(17, 11, '1202', '2021-12-28 00:55:40', '2021-12-28 00:55:40'),
(18, 3, '1203', '2021-12-28 01:00:03', '2021-12-28 01:00:03'),
(19, 2, '1103', '2021-12-28 05:39:08', '2021-12-28 05:39:08'),
(20, 2, '1102', '2021-12-28 18:37:06', '2021-12-28 18:37:06'),
(21, 11, '215', '2021-12-28 18:46:39', '2021-12-28 18:46:39'),
(22, 11, '216', '2021-12-28 19:14:36', '2021-12-28 19:14:36'),
(23, 11, '214', '2021-12-28 19:15:42', '2021-12-28 19:15:42'),
(24, 12, 'LAB CFM', '2021-12-28 19:43:19', '2021-12-28 19:43:19');

-- --------------------------------------------------------

--
-- Estructura de tabla para la tabla `usuario`
--

CREATE TABLE `usuario` (
  `id_usuario` int(100) NOT NULL,
  `cuenta_alumno` varchar(10) NOT NULL,
  `cuenta_profesor` varchar(13) NOT NULL,
  `cuenta_administrador` varchar(13) NOT NULL,
  `nombre` varchar(35) NOT NULL,
  `primer_apellido` varchar(40) DEFAULT NULL,
  `segundo_apellido` varchar(40) DEFAULT NULL,
  `correo` varchar(70) NOT NULL,
  `contrasenia` varchar(32) NOT NULL,
  `telefono` varchar(12) NOT NULL,
  `fecha_nacimiento` date NOT NULL,
  `pregunta_secreta` int(2) DEFAULT NULL,
  `respuesta_secreta` varchar(40) DEFAULT NULL
) ENGINE=InnoDB DEFAULT CHARSET=utf8mb4 ROW_FORMAT=COMPACT;

--
-- Volcado de datos para la tabla `usuario`
--

INSERT INTO `usuario` (`id_usuario`, `cuenta_alumno`, `cuenta_profesor`, `cuenta_administrador`, `nombre`, `primer_apellido`, `segundo_apellido`, `correo`, `contrasenia`, `telefono`, `fecha_nacimiento`, `pregunta_secreta`, `respuesta_secreta`) VALUES
(1, '316039109', ' 1SOZU265656H', ' 536658215HG7', 'NAYELLI', 'SOTO', 'ZUÑIGA', 'nayellisotoz@gmail.com', '81dc9bdb52d04dc20036dbd8313ed055', '5536980291', '2000-10-06', 1, 'morado'),
(2, '419070375', '', 'VIPL891212TA5', 'LUIS ANTONIO', 'VILLAGOMEZ', 'PICHARDO', 'vip1891212@hotmail.com', '81dc9bdb52d04dc20036dbd8313ed055', '5528121287', '1989-12-12', 0, NULL),
(3, '316341042', 'TOHD0003244S1', '', 'DANIELA MARÍA', 'TORRES', 'HERNÁNDEZ', 'danielatorresh@comunidad.unam.mx', '81dc9bdb52d04dc20036dbd8313ed055', '5528083989', '2000-03-24', 1, 'rojo'),
(4, '312100195', '', '', 'ERICK', 'ARCOS', 'PERALTA', 'arcosperaltaerick@hotmail.com', '81dc9bdb52d04dc20036dbd8313ed055', '5548731534', '1998-10-15', 0, NULL),
(5, '419071602', 'EIAL980125FQ3', 'EIAL980125FQ3', 'LUZ FERNANDA', 'ESPINOZA', 'ANTONIO', 'luzespinoza250198@gmail.com', '81dc9bdb52d04dc20036dbd8313ed055', '5560895392', '1998-01-25', 0, NULL),
(6, '314243919', '', '', 'EMMANUEL', 'MARTÍNEZ', 'HERNÁNDEZ', 'emmanuel_th_2698@hotmail.com', '81dc9bdb52d04dc20036dbd8313ed055', '5620907010', '1998-11-26', 0, NULL),
(7, '', 'ROBO000809VC4', '', 'OMAR', 'ROMO', 'BAUTISTA', 'omar.skaa@gmail.com', '81dc9bdb52d04dc20036dbd8313ed055', '5534069985', '2000-08-09', 1, 'azul'),
(8, '316345978', '', '', 'LUIS FERNANDO', 'HERNÁNDEZ', 'LEDEZMA', 'fernandohlqwe@gmail.com', '81dc9bdb52d04dc20036dbd8313ed055', '5537091960', '1998-04-16', 1, 'asd'),
(9, '', 'AAAN0005208B6', 'AAAN0005208B6', 'NATALIA', 'Andrade', 'Ayala', 'nataliaaa@gmail.com', '81dc9bdb52d04dc20036dbd8313ed055', '5589562563', '2000-05-20', 0, NULL),
(10, '', '', 'NUJM970814QJ5', 'MARISOL', 'NÚÑEZ', 'JUAREZ', 'marisolnj@gmail.com', '81dc9bdb52d04dc20036dbd8313ed055', '5545896505', '1997-08-14', 0, NULL),
(11, '318084654', '', '', 'FRANCISCO', 'LOPEZ', 'RAMIREZ', 'pacolr@gmail.com', '81dc9bdb52d04dc20036dbd8313ed055', '5516516878', '2000-12-10', 2, 'manchas'),
(12, '420317879', '', '', 'LILIAN', 'CASTILLO', 'OBRERA', 'lilianmorales@gmail.com ', '81dc9bdb52d04dc20036dbd8313ed055', '5549786512', '1998-01-15', NULL, NULL),
(13, '420445620', '', '', 'DIANA', 'MARTÍNEZ', 'MONTES', 'dianamtzmontes@gmail.com', '81dc9bdb52d04dc20036dbd8313ed055', '5563748920', '1996-02-16', NULL, NULL),
(14, '420315478', '', '', 'TABATHA', 'SANTILLÁN', 'SANTIAGO', 'tabathasantillan@gmail.com', '81dc9bdb52d04dc20036dbd8313ed055', '5574129622', '1999-03-17', NULL, NULL),
(15, '411391156', '', '', 'ALAN', 'ZAVALA', 'SANTOS', 'alanzavala@gmail.com', '81dc9bdb52d04dc20036dbd8313ed055', '5612410378', '1994-04-18', NULL, NULL),
(16, '419798546', '', '', 'PEDRO', 'DORANTE', 'HUERTA', 'huertadorp@gmail.com', '81dc9bdb52d04dc20036dbd8313ed055', '5512336674', '1990-05-19', NULL, NULL),
(17, '419587123', '', '', 'ALBERTO', 'JUAREZ', 'FLORES', 'floresjuareza@gmail.com', '81dc9bdb52d04dc20036dbd8313ed055', '5510124789', '1996-02-20', NULL, NULL),
(18, '420587125', '', '', 'JAQUELINE', 'RAMÍREZ', 'BLAS', 'jackieblas@gmail.com', '81dc9bdb52d04dc20036dbd8313ed055', '5623411014', '2000-05-04', NULL, NULL),
(19, '422489560', '', '', 'CAROLINA', 'ZEMPOALTECA', 'YAÑEZ', 'carobzempoalteca@gmail.com', '81dc9bdb52d04dc20036dbd8313ed055', '5578845665', '2001-06-22', NULL, NULL),
(20, '422786325', '', '', 'MIREYA', 'MOLINA', 'GÓMEZ', 'molinagomm@gmail.com', '81dc9bdb52d04dc20036dbd8313ed055', '5683245104', '2000-07-23', NULL, NULL),
(21, '418960045', '', '', 'ELENA', 'DUARTE', 'CORREA', 'elenacorread@gmail.com ', '81dc9bdb52d04dc20036dbd8313ed055', '5688475125', '1997-08-24', NULL, NULL),
(22, '419624587', '', '', 'MARÍA JOSÉ', 'SÁNCHEZ', 'BARRAGÁN', 'barraganmajo@gmail.com', '81dc9bdb52d04dc20036dbd8313ed055', '5589764487', '2000-09-10', NULL, NULL),
(23, '419624588', '', '', 'DIEGO', 'NERIA', 'ZAMORA', 'diegozamora@gmail.com', '81dc9bdb52d04dc20036dbd8313ed055', '5614148998', '2000-11-11', NULL, NULL),
(24, '419624589', '', '', 'LESLIE', 'AGUILAR', 'HERNÁNDEZ', 'hernandezleslie@gmail.com', '81dc9bdb52d04dc20036dbd8313ed055', '5536600005', '2000-12-12', NULL, NULL),
(25, '419624590', '', '', 'DAVID', 'VELÁZQUEZ', 'ENRIQUEZ', 'vedavido@gmail.com', '81dc9bdb52d04dc20036dbd8313ed055', '5578894531', '2000-04-13', NULL, NULL),
(26, '420624591', '', '', 'AXEL', 'ALTAMIRANO', 'JURADO', 'alta.axel@gmail.com', '81dc9bdb52d04dc20036dbd8313ed055', '5549325618', '2000-05-14', NULL, NULL),
(27, '421624592', '', '', 'VALENTINA', 'TIRADO', 'JIMÉNEZ', 'tiradoval.j@gmail.com', '81dc9bdb52d04dc20036dbd8313ed055', '5674258564', '2000-06-15', NULL, NULL),
(28, '418624593', '', '', 'CARLOS', 'BUENROSTRO', 'MARCELINO', 'carlosbuenrostrom@gmail.com', '81dc9bdb52d04dc20036dbd8313ed055', '5549736520', '2000-07-16', NULL, NULL),
(29, '4229387002', '', '', 'URIEL', 'SANCHEZ', 'VILLANUEVA', 'urielsv@gmail.com', '81dc9bdb52d04dc20036dbd8313ed055', '5548963715', '1999-10-10', NULL, NULL),
(30, '315624594', '', '', 'VANIA', 'SANDOVAL', 'VALLARTE', 'vaniasand@gmail.com', '81dc9bdb52d04dc20036dbd8313ed055', '5549786523', '1996-08-08', NULL, NULL),
(31, '', 'MELM8305281H0', '', 'MARTA', 'MEZA', 'LICONA', 'martamlic@gmail.com', '81dc9bdb52d04dc20036dbd8313ed055', '5534151534', '1988-03-20', NULL, NULL),
(32, '320781205', '', '', 'ANA LUISA', 'GALVÁN', 'HERRERA', 'anagherrera@gmail.com', '81dc9bdb52d04dc20036dbd8313ed055', '5549751263', '2004-05-26', NULL, NULL),
(33, '320781205', '', '', 'PAULA', 'TEJEDA', 'REYES', 'paulareyes@gmail.com', '81dc9bdb52d04dc20036dbd8313ed055', '5579845023', '2004-01-28', NULL, NULL),
(34, '320781206', '', '', 'SUSANA', 'RIVERA', 'NERI', 'susanarn@gmail.com', '81dc9bdb52d04dc20036dbd8313ed055', '5549751264', '2004-02-26', NULL, NULL),
(35, '320781207', '', '', 'JESUS ANTONIO', 'CHAVEZ', 'OCHOA', 'jachavez@gmail.com', '81dc9bdb52d04dc20036dbd8313ed055', '5549751265', '2004-03-06', NULL, NULL),
(36, '320781208', '', '', 'DANIEL', 'MENDOZA', 'FERNÁNDEZ', 'danielmendoza@gmail.com', '81dc9bdb52d04dc20036dbd8313ed055', '5549751266', '2004-04-07', NULL, NULL),
(37, '320781209', '', '', 'URIEL', 'MENDEZ', 'GARZA', 'urielmza@gmail.com', '81dc9bdb52d04dc20036dbd8313ed055', '5549751267', '2004-05-08', NULL, NULL),
(38, '320781210', '', '', 'KATERIN', 'ÁLVARES', 'VILLAREAL', 'katvillareal@gmail.com', '81dc9bdb52d04dc20036dbd8313ed055', '5549751268', '2004-06-09', NULL, NULL),
(39, '320781211', '', '', 'SAMANTHA', 'ROMERO', 'CASAS', 'sromerocasas@gmail.com', '81dc9bdb52d04dc20036dbd8313ed055', '5549751269', '2004-07-10', NULL, NULL),
(40, '320781212', '', '', 'ESTEFANIA', 'CASTILLO', 'MONROY', 'estefaniacm@gmail.com', '81dc9bdb52d04dc20036dbd8313ed055', '5549751270', '2004-08-11', NULL, NULL),
(41, '320781213', '', '', 'LETICIA', 'MORENO', 'Y SANTOS', 'leticiamorsant@gmail.com', '81dc9bdb52d04dc20036dbd8313ed055', '5549751271', '2004-09-12', NULL, NULL),
(42, '320781214', '', '', 'MIGUEL', 'ORTIZ', 'VARGAS', 'miguel.ovargas@gmail.com', '81dc9bdb52d04dc20036dbd8313ed055', '5549751272', '2004-10-13', NULL, NULL),
(43, '320781215', '', '', 'JONATHAN', 'AGUILAR', 'DELGADO', 'jonathan.aguilar@gmail.com', '81dc9bdb52d04dc20036dbd8313ed055', '5549751273', '2004-11-14', NULL, NULL),
(44, '320781216', '', '', 'GIOVANI', 'RUIZ', 'SUAREZ', 'gio99ruizs@gmail.com', '81dc9bdb52d04dc20036dbd8313ed055', '5549751274', '2004-12-15', NULL, NULL),
(45, '320781217', '', '', 'DAN', 'GUTIERREZ', 'PADILLA', 'danoadilla12@gmail.com', '81dc9bdb52d04dc20036dbd8313ed055', '5549751275', '2004-01-16', NULL, NULL),
(46, '422781218', '', '', 'ULISES', 'DÍAZ', 'PEÑA', 'ulisespdiazp@gmail.com', '81dc9bdb52d04dc20036dbd8313ed055', '5549751276', '2004-02-17', NULL, NULL),
(47, '320781219', '', '', 'LEONARDO', 'LARA', 'ACOSTA', 'leo.lara.acosta@gmail.com', '81dc9bdb52d04dc20036dbd8313ed055', '5549751277', '2004-03-18', NULL, NULL),
(48, '422781220', '', '', 'JAVIER', 'CRUZ', 'NAVARRO', 'javiercn@gmail.com', '81dc9bdb52d04dc20036dbd8313ed055', '5549751505', '2004-04-19', NULL, NULL),
(49, '421781221', '', '', 'BRIAN', 'PEREZ', 'PANIAGUA', 'brian_pp@gmail.com', '81dc9bdb52d04dc20036dbd8313ed055', '5516552348', '2004-05-20', NULL, NULL),
(50, '321781222', '', '', 'JUAN', 'LÓPEZ', 'COLIN', 'juanlc@gmail.com', '81dc9bdb52d04dc20036dbd8313ed055', '5514860003', '2004-06-21', NULL, NULL),
(51, '320781223', '', '', 'BRUNO', 'GARCIA', 'HUERTA', 'brunogarcia@gmail.com', '81dc9bdb52d04dc20036dbd8313ed055', '5596351256', '2004-07-22', NULL, NULL),
(52, '420781224', '', '', 'KEVIN', 'MARTÍNEZ', 'AGUAYO', 'kevin1999martinez@gmail.com', '81dc9bdb52d04dc20036dbd8313ed055', '5549751280', '2004-08-23', NULL, NULL),
(53, '316781225', '', '', 'GISSELLE', 'GUZMÁN', 'BARRIOS', 'gissbarrios@gmail.com', '81dc9bdb52d04dc20036dbd8313ed055', '5596140514', '2004-09-14', NULL, NULL),
(54, '316781226', '', '', 'GISSELLE', 'GUZMÁN', 'BARRIOS', 'gisselleguzmanbb@gmail.com', '81dc9bdb52d04dc20036dbd8313ed055', '5560231486', '2004-09-14', NULL, NULL),
(55, '421781227', '', '', 'NANCY', 'HERNÁNDEZ', 'MARTÍNEZ', 'nancymartinez@gmail.com', '81dc9bdb52d04dc20036dbd8313ed055', '5589551216', '2004-10-10', NULL, NULL),
(56, '315781228', '', '', 'MELISSA', 'HERNÁNDEZ', 'MARTÍNEZ', 'melisamartinez@gmail.com', '81dc9bdb52d04dc20036dbd8313ed055', '55565446', '2004-10-10', NULL, NULL),
(57, '', 'GMJL8805281J0', '', 'JOSÉ LUIS', 'GARCIA', 'MONTEZ', 'joseluga@gmail.com', '81dc9bdb52d04dc20036dbd8313ed055', '5513467811', '1988-05-28', NULL, NULL),
(58, '', 'RIMK8605142K1', '', 'KEVIN', 'RÍOS', 'MARTÍNEZ', 'kmartinezrios@gmail.com', '81dc9bdb52d04dc20036dbd8313ed055', '5513467812', '1986-05-14', NULL, NULL),
(59, '', 'VADM9002053L2', '', 'MADELEINE', 'DELGADO', 'VAZQUEZ', 'madeldv21@gmail.com', '81dc9bdb52d04dc20036dbd8313ed055', '5513467813', '1990-02-05', NULL, NULL),
(60, '', 'GOJR8805284M3', '', 'RICARDO', 'JUAREZ', 'GOMEZ', 'ricardojgomez@gmail.com', '81dc9bdb52d04dc20036dbd8313ed055', '5513467814', '1988-05-28', NULL, NULL),
(61, '', 'MAFE8605142K1', '', 'ELIDA ELIZABETH', 'MARTÍNEZ', 'FLORES', 'elidaelizabeth2006@gmail.com', '81dc9bdb52d04dc20036dbd8313ed055', '5513467812', '1986-05-14', NULL, NULL),
(62, '', 'PEVE9002053L2', '', 'ELISA', 'PEDRAZA', 'VÁZQUEZ', 'elisapedrazav21@gmail.com', '81dc9bdb52d04dc20036dbd8313ed055', '5513467813', '1990-02-05', NULL, NULL),
(63, '', 'LIND9204034M3', '', 'DAVID', 'LINA', 'NÚÑEZ', 'deividefpi@gmail.com', '81dc9bdb52d04dc20036dbd8313ed055', '5513467814', '1992-04-03', NULL, NULL),
(64, '', 'CORE8505142K1', '', 'ERIK EDUARDO', 'CORTÉS', 'RICO', 'eduardocortesre@gmail.com', '81dc9bdb52d04dc20036dbd8313ed055', '5513467812', '1985-05-14', NULL, NULL),
(65, '', 'REOS8402053L2', '', 'SANDRA VERÓNICA', 'RESÉNDIZ', 'OLVERA', 'sandrav_ro@gmail.com', '81dc9bdb52d04dc20036dbd8313ed055', '5546778935', '1984-02-05', NULL, NULL),
(66, '', 'GARA8306284M3', '', 'JOSÉ ANTONIO', 'GARDUÑO', 'ROSAS', 'joseantoniogr@gmail.com', '81dc9bdb52d04dc20036dbd8313ed055', '5523456987', '1983-06-28', NULL, NULL),
(67, '', 'GRMA8507142K1', '', 'ANA KAREN', 'GRANADOS', 'MAYORCA', 'ak_granados@gmail.com', '81dc9bdb52d04dc20036dbd8313ed055', '5545357619', '1985-07-14', NULL, NULL),
(68, '', 'MAFJ8608053L2', '', 'JERONIMO', 'MARTINEZ', 'FLORES', 'jerprofe_mf@gmail.com', '81dc9bdb52d04dc20036dbd8313ed055', '5536752490', '1986-08-05', NULL, NULL),
(69, '', 'VAMI8709284M3', '', 'IVÁN NOÉ', 'MATA', 'VARGAS', 'profeivannoe@gmail.com', '81dc9bdb52d04dc20036dbd8313ed055', '5596342351', '1987-09-28', NULL, NULL),
(70, '', 'LAFL8810284M3', '', 'LEONARDO SERGIO', 'LARA', 'FLORES', 'ls_laraflores@gmail.com', '81dc9bdb52d04dc20036dbd8313ed055', '5598763415', '1988-10-28', NULL, NULL),
(71, '', 'ROLA8911254M3', '', 'ALFREDO', 'ROMERO', 'LOPEZ', 'alfredoromerooo@gmail.com', '81dc9bdb52d04dc20036dbd8313ed055', '5569754320', '1989-11-25', NULL, NULL),
(72, '', 'DAGA8912054M3', '', 'ALEJANDRA', 'DAZA', 'GONZALEZ', 'aledaza_gz@gmail.com', '81dc9bdb52d04dc20036dbd8313ed055', '5569751634', '1989-12-28', NULL, NULL),
(73, '', 'TOCI9001144M3', '', 'IRMA', 'TOVAR', 'CORONA', 'irmatc2000@gmail.com', '81dc9bdb52d04dc20036dbd8313ed055', '5539784566', '1990-01-14', NULL, NULL),
(74, '', 'MAHO9102194M3', '', 'OSNIESKI', 'MARTÍN', 'HERNÁNDEZ', 'mahosnieski@gmail.com', '81dc9bdb52d04dc20036dbd8313ed055', '5536754100', '1991-02-19', NULL, NULL),
(75, '', 'ROPA8903014M3', '', 'GABRIELA', 'RODRÍGUEZ', 'PATIÑO', 'gabrielarod_pati@gmail.com', '81dc9bdb52d04dc20036dbd8313ed055', '5586453223', '1989-03-01', NULL, NULL),
(76, '', 'RATD9104074M3', '', 'DANIEL', 'RAYGOZA', 'TREJO', 'danielraygoza_trejo@gmail.com', '81dc9bdb52d04dc20036dbd8313ed055', '5566447755', '1991-04-07', NULL, NULL),
(77, '', 'NOJM9006105K0', '', 'MARITZA', 'NOVA', 'JUAREZ', 'juareznovam@gmail.com', '81dc9bdb52d04dc20036dbd8313ed055', '5563789699', '1990-06-10', NULL, NULL),
(78, '', 'NOJM9006108K0', '', 'NAHUM', 'LOPEZ', 'GÓMEZ', 'nahumlopez@gmail.com', '81dc9bdb52d04dc20036dbd8313ed055', '5563789699', '1990-06-10', NULL, NULL),
(79, '', 'CARM8907141L9', '', 'JOSÉ MANUEL', 'CASTAÑEDA', 'RAMIREZ', 'josemanuel_cr@gmail.com', '81dc9bdb52d04dc20036dbd8313ed055', '5510121314', '1989-07-14', NULL, NULL),
(80, '', 'NOPG8611040M8', '', 'GABRIEL', 'NORIEGA', 'PERALTA', 'noriegaperalta@gmail.com', '81dc9bdb52d04dc20036dbd8313ed055', '5563789699', '1989-11-04', NULL, NULL),
(81, '', 'VIGO8712081P4', '', 'OSCAR', 'VILCHIS', 'GUERRA', 'oscarvilchisg@gmail.com', '81dc9bdb52d04dc20036dbd8313ed055', '5569988774', '1987-12-08', NULL, NULL),
(82, '', 'NAMP8902192O3', '', 'PABLO', 'NAVARRO', 'MOCTEZUMA', 'navarromp@gmail.com', '81dc9bdb52d04dc20036dbd8313ed055', '5578594554', '1989-02-19', NULL, NULL),
(83, '', 'SACA8403183H2', '', 'ANIBAL JOSÉ', 'CAB', 'SALINAS', 'anibalsalinas@gmail.com', '81dc9bdb52d04dc20036dbd8313ed055', '5588632310', '1985-03-18', NULL, NULL),
(84, '', 'GOVV7509104J1', '', 'VICTOR ENRIQUE', 'GONZALEZ', 'VARGAS', 'victorgonzalezv@gmail.com', '81dc9bdb52d04dc20036dbd8313ed055', '5562214576', '1975-09-10', NULL, NULL),
(85, '', 'ORMD8204135C7', '', 'DOMINGO', 'MARQUEZ', 'ORTEGA', 'dommarquez@gmail.com', '81dc9bdb52d04dc20036dbd8313ed055', '5556892323', '1982-04-13', NULL, NULL),
(86, '', 'DECP8805098D9', '', 'MARIA PATRICIA', 'DELGADO', 'CEDILLO', 'mariapatriciadcg@gmail.com', '81dc9bdb52d04dc20036dbd8313ed055', '5596345201', '1988-05-09', NULL, NULL),
(87, '', 'AYAR6906217K9', '', 'RICARDO', 'AVILA', 'AYALA', 'ricardoayalaa@gmail.com', '81dc9bdb52d04dc20036dbd8313ed055', '5565327411', '1969-06-21', NULL, NULL),
(88, '', 'FLBI7508186L1', '', 'IVONNE YADHIRA', 'FLORES', 'BENITEZ', 'ivonneflores_b@gmail.com', '81dc9bdb52d04dc20036dbd8313ed055', '5564457822', '1975-08-18', NULL, NULL),
(89, '', 'BARE7607115P2', '', 'ELIZABETH', 'BARRERA', 'ROMERO', 'barreraeli@gmail.com', '81dc9bdb52d04dc20036dbd8313ed055', '5548757548', '1976-07-11', NULL, NULL),
(90, '', 'JASM8208084H3', '', 'MAURICIO', 'JAQUES', 'SOTO', 'maujaquesss@gmail.com', '81dc9bdb52d04dc20036dbd8313ed055', '5569785544', '1982-08-08', NULL, NULL),
(91, '', 'JARM75010053T', '', 'MANUEL', 'JAUREGUI', 'RENAULT', 'manuelrenault@gmail.com', '81dc9bdb52d04dc20036dbd8313ed055', '5556723499', '1975-01-05', NULL, NULL),
(92, '', 'CARC7501106D0', '', 'CARIÑO', 'RUIZ', 'CAMARGO', 'ruizcamargoc@gmail.com', '81dc9bdb52d04dc20036dbd8313ed055', '556678899', '1975-01-10', NULL, NULL),
(93, '', 'ARDR7501159R7', '', 'REYNA', 'ARRIAGA', 'DIAZ', 'reynaarriaga@gmail.com', '81dc9bdb52d04dc20036dbd8313ed055', '5510001475', '1975-01-15', NULL, NULL),
(94, '', 'HEAM7501202U4', '', 'JOSÉ MANUEL', 'HERRRERA', 'ARELLANO', 'manuelarellano@gmail.com', '81dc9bdb52d04dc20036dbd8313ed055', '5575121414', '1975-01-20', NULL, NULL),
(95, '', 'NIZA7501255N1', '', 'MARIA ARACELI', 'NIVÓN', 'ZAGUI', 'nivonzaghi@gmail.com', '81dc9bdb52d04dc20036dbd8313ed055', '5544125578', '1975-01-25', NULL, NULL),
(96, '', 'LOSL7501305A7', '', 'LEONEL GUALBERTO', 'LOPEZ', 'SALAZAR', 'leonelgualberto@gmail.com', '81dc9bdb52d04dc20036dbd8313ed055', '5578554221', '1975-01-30', NULL, NULL),
(97, '', 'HEGG7502011S8', '', 'GUADALUPE', 'HERNÁNDEZ', 'GUTIÉRREZ', 'guadalupehdz@gmail.com', '81dc9bdb52d04dc20036dbd8313ed055', '5511224455', '1975-02-01', NULL, NULL),
(98, '', 'COVC7502055D2', '', 'CRISTEL XIMENA', 'CORTÉS', 'VALADEZ', 'cristelcortesv@gmail.com', '81dc9bdb52d04dc20036dbd8313ed055', '5554203553', '1975-02-05', NULL, NULL),
(99, '', 'MAMM7502102F3', '', 'JUAN MIGUEL', 'MARTÍNEZ', 'MALDONADO', 'juanmarrtinex@gmail.com', '81dc9bdb52d04dc20036dbd8313ed055', '5556214301', '1975-02-10', NULL, NULL),
(100, '', 'TOVM7502155G1', '', 'JOSÉ MANUEL', 'TORRES', 'VALENCIA', 'manueltorresvvv@gmail.com', '81dc9bdb52d04dc20036dbd8313ed055', '5556427814', '1975-02-15', NULL, NULL),
(101, '', 'PRSL7502206Z2', '', 'LILIA', 'PRADO', 'SOTO', 'liliaprado@gmail.com', '81dc9bdb52d04dc20036dbd8313ed055', '5545238511', '1975-02-20', NULL, NULL),
(102, '', 'NINO7502251X6', '', 'OMAR', 'NIETO', 'NIETO', 'omarnietonieto@gmail.com', '81dc9bdb52d04dc20036dbd8313ed055', '5565489887', '1975-02-25', NULL, NULL),
(103, '', 'GOEA7502262C6', '', 'JOSE ALBERTO', 'GOMEZ', 'ESCOJIDO', 'gomezescojidojav@gmail.com', '81dc9bdb52d04dc20036dbd8313ed055', '5511347520', '1975-02-26', NULL, NULL),
(104, '', 'ROFR7502278V1', '', 'ROSALBA NANCY', 'ROSAS', 'FONSECA', 'rosalbanancy.rf@gmail.com', '81dc9bdb52d04dc20036dbd8313ed055', '5554287569', '1975-02-27', NULL, NULL),
(105, '', 'LOGY7502064B3', '', 'YOLANDA', 'LOPEZ', 'GUTIERREZ', 'yolandalgut@gmail.com', '81dc9bdb52d04dc20036dbd8313ed055', '5554832123', '1975-02-06', NULL, NULL),
(106, '', 'CRHE7503011D6', '', 'ERWIN HUGO', 'CRUZ', 'HERNÁNDEZ', 'erwinhugo@gmail.com', '81dc9bdb52d04dc20036dbd8313ed055', '5545211334', '1975-03-01', NULL, NULL),
(107, '', 'ARZA7503022F5', '', 'ANA GABRIELA', 'ARTEAGA', 'ZARAZUA', 'anagabiarteaga@gmail.com', '81dc9bdb52d04dc20036dbd8313ed055', '5565489875', '1975-03-02', NULL, NULL),
(108, '', 'ROVV7503043L6', '', 'VALENTÍN', 'ROLDÁN', 'VAZQUEZ', 'valentinroldan@gmail.com', '81dc9bdb52d04dc20036dbd8313ed055', '5544235796', '1975-03-04', NULL, NULL),
(109, '', 'MARJ7503054M3', '', 'JULIO CESAR RAMON', 'MALDONADO', 'RODRÍGUEZ', 'jcr_maldonador@gmail.com', '81dc9bdb52d04dc20036dbd8313ed055', '5563479512', '1975-03-05', NULL, NULL),
(110, '', 'LOGY7503065N0', '', 'MAURICIO', 'ARIAS', 'VELÁZQUEZ', 'mauricioariasv@gmail.com', '81dc9bdb52d04dc20036dbd8313ed055', '5552515758', '1975-03-06', NULL, NULL),
(111, '', 'HEVG7503079Q1', '', 'GERARDO', 'VELA', 'HERNÁNDEZ', 'gerardovela@gmail.com', '81dc9bdb52d04dc20036dbd8313ed055', '5587542110', '1975-03-07', NULL, NULL),
(112, '', 'CRSC7503087W8', '', 'CLAUDIA', 'CRUZ', 'SANCHEZ', 'claudiacruzs@gmail.com', '81dc9bdb52d04dc20036dbd8313ed055', '5596454596', '1975-03-08', NULL, NULL),
(113, '', 'NAGG7503095X7', '', 'GABRIEL', 'GONZÁLEZ', 'NAVA', 'gabrielgonzn@gmail.com', '81dc9bdb52d04dc20036dbd8313ed055', '5523124580', '1975-03-09', NULL, NULL),
(114, '', 'VASG7503103D6', '', 'MARÍA GUADALUPE', 'VAZQUEZ', 'SALAZAR', 'mg_vazquez@gmail.com', '81dc9bdb52d04dc20036dbd8313ed055', '5515101442', '1975-03-10', NULL, NULL),
(115, '', 'MOGG7503111C9', '', 'GUILLERMO', 'MONTES', 'GUZMÁN', 'guillermomg@gmail.com', '81dc9bdb52d04dc20036dbd8313ed055', '5514157630', '1975-03-11', NULL, NULL),
(116, '', 'CAGR7503125F9', '', 'JOSÉ RICARDO', 'CARBAJAL', 'GUEVARA', 'josericardocg@gmail.com', '81dc9bdb52d04dc20036dbd8313ed055', '5564572112', '1975-03-12', NULL, NULL),
(117, '', 'CRMM7503134R2', '', 'MARCO ANTONIO', 'CRUZ', 'MENDOZA', 'marcoantoniocm@gmail.com', '81dc9bdb52d04dc20036dbd8313ed055', '5598754133', '1975-03-13', NULL, NULL),
(118, '', 'ORGG7503149E8', '', 'GUILLERMO', 'ORTEGA', 'GARCIA', 'guillermoortega@gmail.com', '81dc9bdb52d04dc20036dbd8313ed055', '5510102020', '1975-03-14', NULL, NULL),
(119, '', 'GACA7503157W5', '', 'ANTONIO', 'GAMA', 'CAMPILLO', 'antoniogamac@gmail.com', '81dc9bdb52d04dc20036dbd8313ed055', '5536414783', '1975-03-15', NULL, NULL),
(120, '', 'LONT7503164Q0', '', 'TOMAS', 'LOPEZ', 'NORIEGA', 'tomaslop@gmail.com', '81dc9bdb52d04dc20036dbd8313ed055', '5547894576', '1975-03-16', NULL, NULL),
(121, '', 'REVA7503213B5', '', 'AURORA', 'REYES', 'VIGUERAS', 'aurora_reyesv@gmail.com', '81dc9bdb52d04dc20036dbd8313ed055', '5511145648', '1975-03-21', NULL, NULL),
(122, '', 'MUML7503204H8', '', 'LEON MAURICIO', 'MUÑOZ', 'MIRANDA', 'leonmauricio_mm@gmail.com', '81dc9bdb52d04dc20036dbd8313ed055', '5534357887', '1975-03-20', NULL, NULL),
(123, '', 'LOMH7503196U2', '', 'HELADIO EULALIO', 'LOPEZ', 'MARTINEZ', 'heladioeu_lo@gmail.com', '81dc9bdb52d04dc20036dbd8313ed055', '5523457111', '1975-03-19', NULL, NULL),
(124, '', 'SAMS7503189I7', '', 'SUSANA', 'SÁNCHEZ', 'MEJIA', 'susanasanmej@gmail.com', '81dc9bdb52d04dc20036dbd8313ed055', '5510141210', '1975-03-18', NULL, NULL),
(125, '', 'HEGO7503171O4', '', 'OCTAVIO', 'HERNÁNDEZ', 'GONZALEZ', 'octaviohdzglz@gmail.com', '81dc9bdb52d04dc20036dbd8313ed055', '5564646565', '1975-03-17', NULL, NULL),
(126, '', 'ORLE7503220L0', '', 'ELVIRA HAIDEE', 'ORTEGA', 'LARA', 'elvirahaidee@gmail.com', '81dc9bdb52d04dc20036dbd8313ed055', '5502030504', '1975-03-22', NULL, NULL),
(127, '', 'VEBH7503237Z4', '', 'HECTOR ADRIAN', 'VEGA', 'BECERRIL', 'hectoradrianvb@gmail.com', '81dc9bdb52d04dc20036dbd8313ed055', '55454665528', '1975-03-23', NULL, NULL),
(128, '', 'ROVV7503242R5', '', 'VICTOR ALEJANDRO', 'ROSALES', 'VELAZQUEZ', 'victorrosales@gmail.com', '81dc9bdb52d04dc20036dbd8313ed055', '5546821532', '1975-03-24', NULL, NULL),
(129, '', 'LOPL7503250F6', '', 'LIANA', 'LOPEZ', 'PACHECO', 'lianalopezpp@gmail.com', '81dc9bdb52d04dc20036dbd8313ed055', '5596324652', '1975-03-25', NULL, NULL),
(130, '', 'FUGS7503268Y9', '', 'SOFIA', 'FUENTES', 'GUTIERREZ', 'sofiafuentesg@gmail.com', '81dc9bdb52d04dc20036dbd8313ed055', '5502051486', '1975-03-26', NULL, NULL),
(131, '', 'LUBE7503270K5', '', 'ELIGIO', 'LUNA', 'BECERRIL', 'eligiolb@gmail.com', '81dc9bdb52d04dc20036dbd8313ed055', '5598987504', '1975-03-27', NULL, NULL),
(132, '', 'CLRC7503288J5', '', 'CLARISA', 'CLEMENTE', 'RODRÍGUEZ', 'clarisaclemente@gmail.com', '81dc9bdb52d04dc20036dbd8313ed055', '5506753849', '1975-03-28', NULL, NULL),
(133, '', 'NUCI7503291S5', '', 'IVÁN', 'NUÑEZ', 'CONSUELOS', 'ivannu_c@gmail.com', '81dc9bdb52d04dc20036dbd8313ed055', '5507898907', '1975-03-29', NULL, NULL),
(134, '', 'ACAG7503300F3', '', 'GUILLERMO', 'ACEVEDO', 'ARCOS', 'guillermo_aa@gmail.com', '81dc9bdb52d04dc20036dbd8313ed055', '5504511526', '1975-03-30', NULL, NULL),
(135, '', 'MOMD7503317H0', '', 'DIONICIO', 'MONTES', 'MOLINA', 'dioniciomm@gmail.com', '81dc9bdb52d04dc20036dbd8313ed055', '5509060314', '1975-03-31', NULL, NULL),
(136, '', 'ANRR7504010G5', '', 'ROLDAN', 'ANDRES', 'ROSALES', 'roldanandres@gmail.com', '81dc9bdb52d04dc20036dbd8313ed055', '5541378950', '1975-04-01', NULL, NULL),
(137, '', 'HESO7504028S5', '', 'OSCAR', 'HERNANDEZ', 'SANCHEZ', 'oscarhernandezs@gmail.com', '81dc9bdb52d04dc20036dbd8313ed055', '5565754205', '1975-04-02', NULL, NULL),
(138, '', 'CAAC7504031E5', '', 'CONRADO', 'CAMACHO', 'ARTEAGA', 'conradocamacho@gmail.com', '81dc9bdb52d04dc20036dbd8313ed055', '5532425272', '1975-04-03', NULL, NULL),
(139, '', 'VISG7504040Q3', '', 'GERARDO', 'VIGIL', 'SANABRIA', 'gerardovigil@gmail.com', '81dc9bdb52d04dc20036dbd8313ed055', '5591018121', '1975-04-04', NULL, NULL),
(140, '', 'RUGM7504057W0', '', 'JOSÉ MARIA', 'RUIZ', 'GARCIA', 'josemaruiz@gmail.com', '81dc9bdb52d04dc20036dbd8313ed055', '5589450501', '1975-04-05', NULL, NULL),
(141, '', 'CABA7504068D0', '', 'ARMANDO', 'CARMONA', 'BONILLA', 'armandocarmonab@gmail.com', '81dc9bdb52d04dc20036dbd8313ed055', '5519197843', '1975-04-06', NULL, NULL),
(142, '', 'SOGJ7504070B5', '', 'JORGE ADÁN', 'SOLARES', 'GUTIÉRREZ', 'jorgeadansol@gmail.com', '81dc9bdb52d04dc20036dbd8313ed055', '5576481311', '1975-04-07', NULL, NULL),
(143, '', 'PESC7504082S6', '', 'CARLA PAMELA', 'PEREZ', 'SOLANO', 'carlapamelap@gmail.com', '81dc9bdb52d04dc20036dbd8313ed055', '5576438506', '1975-04-08', NULL, NULL),
(144, '', 'LODM7504095F7', '', 'MIRIAM TALIA', 'LOPEZ', 'DIAZ', 'miriamtalial@gmail.com', '81dc9bdb52d04dc20036dbd8313ed055', '5510487521', '1975-04-09', NULL, NULL),
(145, '', 'JIML7504106J7', '', 'MARÍA DE LA LUZ', 'JIMENEZ', 'MARTÍNEZ', 'mariajm@gmail.com', '81dc9bdb52d04dc20036dbd8313ed055', '5584237155', '1975-04-10', NULL, NULL),
(146, '', 'FLPJ7504115C7', '', 'JUDITH MAYTE', 'FLORES', 'PEREZ', 'judithmfp@gmail.com', '81dc9bdb52d04dc20036dbd8313ed055', '5546781519', '1975-04-11', NULL, NULL),
(147, '', 'COEI7504120X4', '', 'IRENE', 'CORREA', 'ESQUIVEL', 'irenecorreae@gmail.com', '81dc9bdb52d04dc20036dbd8313ed055', '5546781518', '1975-04-12', NULL, NULL),
(148, '', 'YAHA7504132M6', '', 'ADRIANA', 'YÁÑEZ', 'HERNANDEZ', 'adrianayhdz@gmail.com', '81dc9bdb52d04dc20036dbd8313ed055', '5546781517', '1975-04-13', NULL, NULL),
(149, '', 'TOOG7504140G5', '', 'GERMAN', 'TORRES', 'OLIVEROS', 'germantorreso@gmail.com', '81dc9bdb52d04dc20036dbd8313ed055', '5546781516', '1975-04-14', NULL, NULL),
(150, '', 'HEME7504158C9', '', 'ERNESTO', 'HERRERA', 'MOLINA', 'ernestoherreram@gmail.com', '81dc9bdb52d04dc20036dbd8313ed055', '5546781515', '1975-04-15', NULL, NULL),
(151, '', 'SIRM7504169N3', '', 'MARCO ALBERTO', 'SILVA', 'REYES', 'marcoalbertosr@gmail.com', '81dc9bdb52d04dc20036dbd8313ed055', '5546750019', '1975-04-16', NULL, NULL),
(152, '', 'AGRA7504171V2', '', 'AIDA', 'AGUILAR', 'REYES', 'aidaareyes@gmail.com', '81dc9bdb52d04dc20036dbd8313ed055', '5546749918', '1975-04-17', NULL, NULL),
(153, '', 'VIRA7504183H3', '', 'ALEJANDRO', 'VILLACORTA', 'RAMOS', 'alejandrovr@gmail.com', '81dc9bdb52d04dc20036dbd8313ed055', '5546749817', '1975-04-18', NULL, NULL),
(154, '', 'GOHR7504198JD', '', 'ROCIO', 'GONZALEZ', 'HERNANDEZ', 'rocioghdz@gmail.com', '81dc9bdb52d04dc20036dbd8313ed055', '5546749716', '1975-04-19', NULL, NULL),
(155, '', 'SARU7504203T7', '', 'UVALDA XOCHITL', 'SALAZAR', 'ROGRIGUEZ', 'uvaldaxochsr@gmail.com', '81dc9bdb52d04dc20036dbd8313ed055', '5546781515', '1975-04-20', NULL, NULL),
(156, '', 'GECJ7504217H9', '', 'JOSÉ', 'CRUZ', 'GERVACIO', 'josecruzgv@gmail.com', '81dc9bdb52d04dc20036dbd8313ed055', '5546749615', '1975-04-21', NULL, NULL),
(157, '', 'ROGM7508148K9', '', 'MIGUEL ANGEL', 'ROJAS', 'GONZALEZ', 'miguelrojasg@gmail.com', '1234', '5542377782', '1975-08-14', NULL, NULL);

--
-- Índices para tablas volcadas
--

--
-- Indices de la tabla `administrador`
--
ALTER TABLE `administrador`
  ADD PRIMARY KEY (`usuario_id_fk`);

--
-- Indices de la tabla `alumno`
--
ALTER TABLE `alumno`
  ADD PRIMARY KEY (`usuario_id_fk`);

--
-- Indices de la tabla `area`
--
ALTER TABLE `area`
  ADD PRIMARY KEY (`id_area`);

--
-- Indices de la tabla `asignacion`
--
ALTER TABLE `asignacion`
  ADD PRIMARY KEY (`id_asignacion`),
  ADD KEY `fk_asignacion_usuario` (`id_usuarioprofesor_fk`),
  ADD KEY `fk_asignacion_grupos` (`id_grupo_fk`),
  ADD KEY `id_periodo_fk` (`id_periodo_fk`);

--
-- Indices de la tabla `asignaturas`
--
ALTER TABLE `asignaturas`
  ADD PRIMARY KEY (`id_asignatura`),
  ADD KEY `fk_asignaturas_plandeestudios` (`id_plan_fk`),
  ADD KEY `antecesor` (`antecesor`),
  ADD KEY `sucesor` (`sucesor`);

--
-- Indices de la tabla `carrera`
--
ALTER TABLE `carrera`
  ADD PRIMARY KEY (`id_carrera`),
  ADD KEY `id_area_fk` (`id_area_fk`);

--
-- Indices de la tabla `departamentos`
--
ALTER TABLE `departamentos`
  ADD PRIMARY KEY (`id_departamento`),
  ADD KEY `id_plantel_fk` (`id_plantel_fk`);

--
-- Indices de la tabla `dosificacion`
--
ALTER TABLE `dosificacion`
  ADD PRIMARY KEY (`id_usuarioalumno_fk`,`id_periodo_fk`),
  ADD KEY `fk_dosificacion_periodo` (`id_periodo_fk`);

--
-- Indices de la tabla `edificio`
--
ALTER TABLE `edificio`
  ADD PRIMARY KEY (`id_edificio`),
  ADD KEY `fk_edificio_plantel` (`id_plantel_fk`);

--
-- Indices de la tabla `estudia`
--
ALTER TABLE `estudia`
  ADD PRIMARY KEY (`id_usuarioalumno_fk`,`id_plan_fk`),
  ADD KEY `id_plan_fk` (`id_plan_fk`);

--
-- Indices de la tabla `facultad`
--
ALTER TABLE `facultad`
  ADD PRIMARY KEY (`id_facultad`);

--
-- Indices de la tabla `grupos`
--
ALTER TABLE `grupos`
  ADD PRIMARY KEY (`id_grupo`),
  ADD KEY `fk_grupos_asignaturas` (`id_asignatura_fk`);

--
-- Indices de la tabla `horario`
--
ALTER TABLE `horario`
  ADD PRIMARY KEY (`id_horario`),
  ADD KEY `fk_horario_grupos` (`id_grupo_fk`),
  ADD KEY `fk_horario_salon` (`id_salon_fk`);

--
-- Indices de la tabla `inscripcion`
--
ALTER TABLE `inscripcion`
  ADD PRIMARY KEY (`id_inscripcion`),
  ADD KEY `fk_inscripcion_usuario` (`id_usuarioalumno_fk`),
  ADD KEY `fk_inscripcion_periodo` (`id_periodo_fk`),
  ADD KEY `id_periodo_fk` (`id_periodo_fk`),
  ADD KEY `inscripcion_ibfk_2` (`id_claveplan_fk`);

--
-- Indices de la tabla `movimiento`
--
ALTER TABLE `movimiento`
  ADD PRIMARY KEY (`id_inscripcion_fk`,`id_asignacion_fk`) USING BTREE,
  ADD KEY `id_asignacion` (`id_asignacion_fk`);

--
-- Indices de la tabla `periodo`
--
ALTER TABLE `periodo`
  ADD PRIMARY KEY (`id_periodo`);

--
-- Indices de la tabla `plandeestudios`
--
ALTER TABLE `plandeestudios`
  ADD PRIMARY KEY (`id_plan`),
  ADD KEY `fk_plandeestudios_carrera` (`id_carrera_fk`);

--
-- Indices de la tabla `plantel`
--
ALTER TABLE `plantel`
  ADD PRIMARY KEY (`id_plantel`),
  ADD KEY `fk_plantel_facultad` (`id_facultad_fk`);

--
-- Indices de la tabla `plantel_carrera`
--
ALTER TABLE `plantel_carrera`
  ADD PRIMARY KEY (`id_carrera_fk`,`id_plantel_fk`),
  ADD KEY `fk_plantel_carrera_plantel` (`id_plantel_fk`);

--
-- Indices de la tabla `profesor`
--
ALTER TABLE `profesor`
  ADD PRIMARY KEY (`usuario_id_fk`);

--
-- Indices de la tabla `profesor_departamento`
--
ALTER TABLE `profesor_departamento`
  ADD PRIMARY KEY (`usuarioprofesor_id_fk`,`departamento_id_fk`),
  ADD KEY `departamento_id_fk` (`departamento_id_fk`);

--
-- Indices de la tabla `salon`
--
ALTER TABLE `salon`
  ADD PRIMARY KEY (`id_salon`),
  ADD KEY `fk_salon_edificio` (`id_edificio_fk`);

--
-- Indices de la tabla `usuario`
--
ALTER TABLE `usuario`
  ADD PRIMARY KEY (`id_usuario`);

--
-- AUTO_INCREMENT de las tablas volcadas
--

--
-- AUTO_INCREMENT de la tabla `asignacion`
--
ALTER TABLE `asignacion`
  MODIFY `id_asignacion` int(10) NOT NULL AUTO_INCREMENT, AUTO_INCREMENT=450;

--
-- AUTO_INCREMENT de la tabla `asignaturas`
--
ALTER TABLE `asignaturas`
  MODIFY `id_asignatura` int(10) NOT NULL AUTO_INCREMENT, AUTO_INCREMENT=113;

--
-- AUTO_INCREMENT de la tabla `carrera`
--
ALTER TABLE `carrera`
  MODIFY `id_carrera` int(5) NOT NULL AUTO_INCREMENT, AUTO_INCREMENT=25;

--
-- AUTO_INCREMENT de la tabla `edificio`
--
ALTER TABLE `edificio`
  MODIFY `id_edificio` int(5) NOT NULL AUTO_INCREMENT, AUTO_INCREMENT=13;

--
-- AUTO_INCREMENT de la tabla `grupos`
--
ALTER TABLE `grupos`
  MODIFY `id_grupo` int(10) NOT NULL AUTO_INCREMENT, AUTO_INCREMENT=347;

--
-- AUTO_INCREMENT de la tabla `horario`
--
ALTER TABLE `horario`
  MODIFY `id_horario` int(10) NOT NULL AUTO_INCREMENT, AUTO_INCREMENT=327;

--
-- AUTO_INCREMENT de la tabla `inscripcion`
--
ALTER TABLE `inscripcion`
  MODIFY `id_inscripcion` int(15) NOT NULL AUTO_INCREMENT, AUTO_INCREMENT=67;

--
-- AUTO_INCREMENT de la tabla `periodo`
--
ALTER TABLE `periodo`
  MODIFY `id_periodo` int(100) NOT NULL AUTO_INCREMENT, AUTO_INCREMENT=11;

--
-- AUTO_INCREMENT de la tabla `salon`
--
ALTER TABLE `salon`
  MODIFY `id_salon` int(5) NOT NULL AUTO_INCREMENT, AUTO_INCREMENT=25;

--
-- AUTO_INCREMENT de la tabla `usuario`
--
ALTER TABLE `usuario`
  MODIFY `id_usuario` int(100) NOT NULL AUTO_INCREMENT, AUTO_INCREMENT=1262;

--
-- Restricciones para tablas volcadas
--

--
-- Filtros para la tabla `administrador`
--
ALTER TABLE `administrador`
  ADD CONSTRAINT `fk_administrador_usuario` FOREIGN KEY (`usuario_id_fk`) REFERENCES `usuario` (`id_usuario`) ON DELETE NO ACTION ON UPDATE CASCADE;

--
-- Filtros para la tabla `alumno`
--
ALTER TABLE `alumno`
  ADD CONSTRAINT `fk_alumno_usuario` FOREIGN KEY (`usuario_id_fk`) REFERENCES `usuario` (`id_usuario`) ON DELETE NO ACTION ON UPDATE CASCADE;

--
-- Filtros para la tabla `asignacion`
--
ALTER TABLE `asignacion`
  ADD CONSTRAINT `asignacion_ibfk_1` FOREIGN KEY (`id_periodo_fk`) REFERENCES `periodo` (`id_periodo`) ON DELETE NO ACTION ON UPDATE CASCADE,
  ADD CONSTRAINT `fk_asignacion_grupos` FOREIGN KEY (`id_grupo_fk`) REFERENCES `grupos` (`id_grupo`) ON DELETE NO ACTION ON UPDATE CASCADE,
  ADD CONSTRAINT `fk_asignacion_usuario` FOREIGN KEY (`id_usuarioprofesor_fk`) REFERENCES `profesor` (`usuario_id_fk`) ON DELETE NO ACTION ON UPDATE CASCADE;

--
-- Filtros para la tabla `asignaturas`
--
ALTER TABLE `asignaturas`
  ADD CONSTRAINT `asignaturas_ibfk_1` FOREIGN KEY (`antecesor`) REFERENCES `asignaturas` (`id_asignatura`) ON DELETE NO ACTION ON UPDATE CASCADE,
  ADD CONSTRAINT `asignaturas_ibfk_2` FOREIGN KEY (`sucesor`) REFERENCES `asignaturas` (`id_asignatura`) ON DELETE NO ACTION ON UPDATE CASCADE,
  ADD CONSTRAINT `fk_asignaturas_plandeestudios` FOREIGN KEY (`id_plan_fk`) REFERENCES `plandeestudios` (`id_plan`) ON DELETE NO ACTION ON UPDATE CASCADE;

--
-- Filtros para la tabla `carrera`
--
ALTER TABLE `carrera`
  ADD CONSTRAINT `carrera_ibfk_1` FOREIGN KEY (`id_area_fk`) REFERENCES `area` (`id_area`) ON DELETE NO ACTION ON UPDATE CASCADE;

--
-- Filtros para la tabla `departamentos`
--
ALTER TABLE `departamentos`
  ADD CONSTRAINT `departamentos_ibfk_1` FOREIGN KEY (`id_plantel_fk`) REFERENCES `plantel` (`id_plantel`);

--
-- Filtros para la tabla `dosificacion`
--
ALTER TABLE `dosificacion`
  ADD CONSTRAINT `dosificacion_ibfk_1` FOREIGN KEY (`id_periodo_fk`) REFERENCES `periodo` (`id_periodo`) ON DELETE CASCADE ON UPDATE CASCADE,
  ADD CONSTRAINT `fk_dosificacion_usuario` FOREIGN KEY (`id_usuarioalumno_fk`) REFERENCES `alumno` (`usuario_id_fk`) ON DELETE NO ACTION ON UPDATE CASCADE;

--
-- Filtros para la tabla `edificio`
--
ALTER TABLE `edificio`
  ADD CONSTRAINT `fk_edificio_plantel` FOREIGN KEY (`id_plantel_fk`) REFERENCES `plantel` (`id_plantel`) ON DELETE NO ACTION ON UPDATE CASCADE;

--
-- Filtros para la tabla `estudia`
--
ALTER TABLE `estudia`
  ADD CONSTRAINT `estudia_ibfk_1` FOREIGN KEY (`id_usuarioalumno_fk`) REFERENCES `alumno` (`usuario_id_fk`) ON DELETE CASCADE ON UPDATE CASCADE,
  ADD CONSTRAINT `estudia_ibfk_2` FOREIGN KEY (`id_plan_fk`) REFERENCES `plandeestudios` (`id_plan`) ON DELETE CASCADE ON UPDATE CASCADE;

--
-- Filtros para la tabla `grupos`
--
ALTER TABLE `grupos`
  ADD CONSTRAINT `fk_grupos_asignaturas` FOREIGN KEY (`id_asignatura_fk`) REFERENCES `asignaturas` (`id_asignatura`) ON DELETE NO ACTION ON UPDATE CASCADE;

--
-- Filtros para la tabla `horario`
--
ALTER TABLE `horario`
  ADD CONSTRAINT `fk_horario_grupos` FOREIGN KEY (`id_grupo_fk`) REFERENCES `grupos` (`id_grupo`) ON DELETE NO ACTION ON UPDATE CASCADE,
  ADD CONSTRAINT `fk_horario_salon` FOREIGN KEY (`id_salon_fk`) REFERENCES `salon` (`id_salon`) ON DELETE NO ACTION ON UPDATE CASCADE;

--
-- Filtros para la tabla `inscripcion`
--
ALTER TABLE `inscripcion`
  ADD CONSTRAINT `fk_inscripcion_usuario` FOREIGN KEY (`id_usuarioalumno_fk`) REFERENCES `alumno` (`usuario_id_fk`) ON DELETE NO ACTION ON UPDATE CASCADE,
  ADD CONSTRAINT `inscripcion_ibfk_1` FOREIGN KEY (`id_periodo_fk`) REFERENCES `periodo` (`id_periodo`) ON DELETE CASCADE ON UPDATE CASCADE,
  ADD CONSTRAINT `inscripcion_ibfk_2` FOREIGN KEY (`id_claveplan_fk`) REFERENCES `plandeestudios` (`id_plan`) ON DELETE CASCADE ON UPDATE CASCADE;

--
-- Filtros para la tabla `movimiento`
--
ALTER TABLE `movimiento`
  ADD CONSTRAINT `id_asignacion` FOREIGN KEY (`id_asignacion_fk`) REFERENCES `asignacion` (`id_asignacion`) ON UPDATE CASCADE,
  ADD CONSTRAINT `id_inscripcion` FOREIGN KEY (`id_inscripcion_fk`) REFERENCES `inscripcion` (`id_inscripcion`);

--
-- Filtros para la tabla `plandeestudios`
--
ALTER TABLE `plandeestudios`
  ADD CONSTRAINT `fk_plandeestudios_carrera` FOREIGN KEY (`id_carrera_fk`) REFERENCES `carrera` (`id_carrera`) ON DELETE NO ACTION ON UPDATE CASCADE;

--
-- Filtros para la tabla `plantel`
--
ALTER TABLE `plantel`
  ADD CONSTRAINT `fk_plantel_facultad` FOREIGN KEY (`id_facultad_fk`) REFERENCES `facultad` (`id_facultad`) ON DELETE NO ACTION ON UPDATE CASCADE;

--
-- Filtros para la tabla `plantel_carrera`
--
ALTER TABLE `plantel_carrera`
  ADD CONSTRAINT `fk_plantel_carrera_plantel` FOREIGN KEY (`id_plantel_fk`) REFERENCES `plantel` (`id_plantel`) ON DELETE NO ACTION ON UPDATE CASCADE,
  ADD CONSTRAINT `plantel_carrera_ibfk_1` FOREIGN KEY (`id_carrera_fk`) REFERENCES `carrera` (`id_carrera`) ON DELETE CASCADE ON UPDATE CASCADE;

--
-- Filtros para la tabla `profesor`
--
ALTER TABLE `profesor`
  ADD CONSTRAINT `fk_profesor_usuario` FOREIGN KEY (`usuario_id_fk`) REFERENCES `usuario` (`id_usuario`) ON DELETE NO ACTION ON UPDATE CASCADE;

--
-- Filtros para la tabla `profesor_departamento`
--
ALTER TABLE `profesor_departamento`
  ADD CONSTRAINT `profesor_departamento_ibfk_1` FOREIGN KEY (`usuarioprofesor_id_fk`) REFERENCES `profesor` (`usuario_id_fk`) ON DELETE CASCADE ON UPDATE CASCADE,
  ADD CONSTRAINT `profesor_departamento_ibfk_2` FOREIGN KEY (`departamento_id_fk`) REFERENCES `departamentos` (`id_departamento`) ON DELETE CASCADE ON UPDATE CASCADE;

--
-- Filtros para la tabla `salon`
--
ALTER TABLE `salon`
  ADD CONSTRAINT `fk_salon_edificio` FOREIGN KEY (`id_edificio_fk`) REFERENCES `edificio` (`id_edificio`) ON DELETE NO ACTION ON UPDATE CASCADE;
COMMIT;

/*!40101 SET CHARACTER_SET_CLIENT=@OLD_CHARACTER_SET_CLIENT */;
/*!40101 SET CHARACTER_SET_RESULTS=@OLD_CHARACTER_SET_RESULTS */;
/*!40101 SET COLLATION_CONNECTION=@OLD_COLLATION_CONNECTION */;
